word	phonetic	meaning
a	ə, eɪ(ən)	一（个、件……）
abandon	əˈbændən	抛弃，舍弃，放弃
ability	əˈbɪlɪtɪ	能力；才能
able	ˈeɪb(ə)l	能够；有能力的
abnormal	æbˈnɔːm(ə)l	反常的，变态的
aboard	əˈbɔːd	上（船，飞机，火车，汽车等）
abolish	əˈbɔlɪʃ	废除，废止
abortion	əˈbɔːʃ(ə)n	人工流产，堕胎
about	əˈbaʊt	大约；到处；四处prep. 关于；在各处；四处
above	əˈbʌv	在……上面a. 上面的ad. 在……之上
abroad	əˈbrɔːd	到（在）国外
abrupt	əˈbrʌpt	突然的，意外的，粗鲁
absence	ˈæbsəns	不在，缺席
absent	ˈæbsənt	缺席，不在
absolute	ˈæbsəluːt	完全，全部，绝对的
absorb	əbˈsɔːb	吸收，使全神贯注
abstract	ˈæbstrækt	&n. 抽象的（作品）
absurd	əbˈsɜːd	荒谬的，怪诞不经的
abundant	əˈbʌndənt	大量,丰盛的,充裕的
abuse	əˈbjuːz	（酗酒）滥用,虐待,恶语
academic	ækəˈdemɪk	&n. 学术的，教学的
academy	əˈkædəmɪ	专科学院,（美）私立学校
accelerate	əkˈseləreɪt	（使）加速，加快
accent	ˈæksənt	口音，音调
accept	əkˈsept	接受
access	ˈækses	&v. 通道，入径，存取（计算机文件）
accessible	əkˈsesɪb(ə)l	可到达的，可接受的，易相处的）
acchor		acchor v.&n. 锚，抛锚
accident	ˈæksɪdənt	事故，意外的事
accommodation	əkɔməˈdeɪʃ(ə)n	住宿，膳宿
accompany	əˈkʌmpənɪ	陪同，陪伴，与…同时发生
accomplish	əˈkʌmplɪʃ	完成
according	əˈkɔːdɪŋ tʊ	按照，根据
account	əˈkaʊnt	账目;描述
accountant	əˈkaʊnt(ə)nt	会计，会计师
accumulate	əˈkjuːmjʊleɪt	积累，积聚
accuracy	ˈækjʊrəsɪ	准确，精确
accuse	əˈkjuːz	正确无误的,精确的
accustomed	əˈkʌstəmd	习惯于,惯常的
ache	eɪk	& n. 痛，疼痛
achieve	əˈtʃiːv	达到，取得
achievement	əˈtʃiːvmənt	成就,成绩,功绩
acid	ˈæsɪd	酸的
acknowledge	əkˈnɔlɪdʒ	承认
acquaintance	əˈkweɪntəns	熟人，（与某人）认识
acquire	əˈkwaɪə(r)	获得，得到
acquisition	ækwɪˈzɪʃ(ə)n	获得，得到
acre	ˈeɪkə(r)	英亩
across	əˈkrɔs	横过，穿过
act	ækt	法令，条例v. （戏）表演，扮演（角色），演出（戏）；行动，做事
action	ˈækʃ(ə)n	行动
active	ˈæktɪv	积极的，主动的
activity	ækˈtɪvɪtɪ	活动
actor	ˈæktə(r)	男演员
actress	ˈæktrɪs	女演员
actual	ˈæktʃʊəl	实际的；现实的
acute		acute a.十分严重的,（病）急性的AD n. 公元
ad	æd	(缩) =advertisement n.广告
adapt	əˈdæpt	使适应，适合，改编
adaptation	ədæpˈteɪʃ(ə)n	适应，改编本
add	æd	添加，增加
addicted	əˈdɪktɪd	上瘾，成瘾，入迷
addition	əˈdɪʃ(ə)n	增加;（算数用语）加
address	əˈdres	地址
adequate	ˈædɪkwət	合适的，合乎需要的
adjust	əˈdʒʌst	调整,调节,适应,习惯
adjustment	əˈdʒʌstmənt	调整，适应
administration	ədmɪnɪˈstreɪʃ(ə)n	管理,行政部门
admirable	ˈædmərəb(ə)l	值得赞赏的,可钦佩的
admire	ədˈmaɪə(r)	钦佩；羡慕
admission	ədˈmɪʃ(ə)n	准入, 接纳
admit	ədˈmɪt	承认，准许（入场，入学，入会）
adolescence	ædəʊ'lesns	青春，青春期
adolescent	ædəˈlesənt	青少年
adopt	əˈdɔpt	收养，领养
adore	əˈdɔː(r)	（不用于进行时）热爱，爱慕某人
adult	ˈædʌlt	成年人
advance	ədˈvæns	推进，促进；前进
advantage	ədˈvɑːntɪdʒ	优点；好处
adventure	ədˈventʃə(r)	冒险；奇遇
advertise	ˈædvətaɪz	为……做广告
advertisement	ədˈvɜːtɪsmənt	广告
advice	ədˈvaɪs	忠告，劝告，建议
advise	ədˈvaɪz	忠告，劝告，建议
advocate	ˈædvəkət	拥护，支持，提倡
aeroplane	`erə,pleɪn	(英)飞机
affair	əˈfeə(r)	事，事情
affect	əˈfekt	影响
affection	əˈfekʃ(ə)n	喜爱，钟爱
afford	əˈfɔːd	负担得起（……的费用）；抽得出（时间）；提供
afraid	əˈfreɪd	害怕的；担心
africa	ˈæfrɪkə	* n. 非洲
african	ˈæfrɪkən	非洲的，非洲人的n. 非洲人
afte	ˈɑːftə(r)	r ad. 在后；后来prep. 在…之后；在后面conj. 在…以后
afternoon	ɑːftəˈnuːn	下午，午后
afterward	ˈɑːftəwəd(z)	后来
again	əˈɡeɪn	再一次；再，又
against	əˈɡeɪnst	对着，反对
age	eɪdʒ	年龄；时代
agency	ˈeɪdʒənsɪ	代理机构
agenda	əˈdʒendə	（会议）议程表，议事日程
agent	ˈeɪdʒənt	代理人，经济人
aggression	ˈəɡreʃ(ə)n	侵略
aggressive	ˈəɡresɪv	侵略的；咄咄逼人
ago	əˈɡəʊ	以前
agree	əˈɡriː	同意；应允
agreement	əˈɡriːmənt	同意，一致；协定，协议
agricultural	æɡrɪˈkʌltʃər(ə)l	农业的
agriculture	ˈæɡrɪkʌltʃə(r)	农业，农学
ahead	əˈhed	在前，向前
aid	eɪd	援助；救护；辅助器具
aids	eɪdz	艾滋病
aim	eɪm	目的；目标v. 计划，打算；瞄准；针对
air	eə(r)	空气；大气
aircraft	ˈeəkrɑːft	飞机(单复数同)
airline		airline n. 航空公司；航空系统
airmail	ˈeəmeɪl	航空邮件
airplane	ˈeəpleɪn	（美）飞机
airport	ˈeəpɔːt	航空站，飞机场
airspace	ˈeəspeɪs	领空,（某国的）空域
alarm	əˈlɑːm	警报
album	ˈælbəm	相册，影集，集邮簿
alcohol	ˈælkəhɔl	含酒精饮料，酒
alcoholic	ælkəˈhɔlɪk	&n. 含酒精的，酒鬼
algebra	ˈældʒɪbrə	代数
alike	əˈlaɪk	很相似地，同样地
alive	əˈlaɪv	活着的，存在的
all	ɔːl	全部地a. 全（部）;所有的;总;整pron.全部;全体人员
allergic	əˈlɜːdʒɪk	过敏的，厌恶
alley	ˈælɪ	小巷，胡同
allocate	ˈæləkeɪt	拨给,划归,分配…给
allow	əˈlaʊ	允许，准许
allowance	əˈlaʊəns	津贴，补助
almost	ˈɔːlməʊst	几乎，差不多
alone	əˈləʊn	单独的，孤独的
along	əˈlɔŋ	向前；和…一起；一同prep. 沿着；顺着
alongside	əlɔːŋˈsaɪd	在…旁边,与…同时
aloud	əˈlaʊd	大声地
alphabet	ˈælfəbet	字母表，字母
already	ɔːlˈredɪ	已经
also	ˈɔːlsəʊ	也
alternative	ɔːlˈtɜːnətɪv	可供替代,非传统的
although	ɔːlˈðəʊ	虽然，尽管
altitude	ælˈtɪtuːd	海拔高度
altogether	ɔːltəˈɡeðə(r)	总共
aluminium	æljʊˈmɪnɪəm	（化）铝
always	ˈɔːlweɪz	总是；一直；永远
am	æm	be的人称形式之一
amateur	ˈæmətə(r)	业余爱好的
amaze	əˈmeɪz	惊奇，惊叹；震惊
amazing	əˈmeɪzɪŋ	惊奇,惊叹的;震惊的
ambassador	æmˈbæsədə(r)	大使
ambiguous	æmˈbɪɡjʊəs	模棱两可的
ambition	æmˈbɪʃ(ə)n	目标,野心,雄心,抱负
ambulance	ˈæmbjʊləns	救护车
america	əˈmerɪkə	* n. 美国；美洲
american	əˈmerɪkən	美国的；美国人的n. 美国人
among	əˈmʌŋ	在…中间；在（三个以上）之间
amount	əˈmaʊnt	&v. 金额，数量，总计
ample	ˈæmp(ə)l	足够的，丰裕的
amuse	əˈmjuːz	（使人）快乐，逗乐
amusement	əˈmjuːzmənt	娱乐
analysis	əˈnæləsɪs	分析，分析结果
analyze	`ænl,aɪz&	分析
ancestor	ˈænsəstə(r)	祖宗； 祖先
ancient	ˈeɪnʃənt	古代的，古老的
and	ənd, ænd	和；又；而
anecdote	ˈænɪkdəʊt	逸事，趣闻
anger	ˈæŋɡə(r)	怒，愤怒
angle	ˈæŋɡ(ə)l	角度
angry	ˈænɡrɪ	生气的，愤怒的
animal	ˈænɪm(ə)l	动物
ankle	ˈæŋk(ə)l	踝，踝关节
anniversary	ænɪˈvɜːsərɪ	周年纪念日
announce	əˈnaʊns	宣布，宣告
announcement	əˈnaʊnsmənt	通告，通知
annoy	əˈnɔɪ	（使）烦恼
annual	ˈænjʊəl	每年的，年度的，一年一次的
another	əˈnʌðə(r)	再一；另一；别的；不同的 pron. 另一个
answer	ˈænsər	回答,答复;回信;答案 v.回答,答复;回信;（作出）答案
ant	ænt	蚂蚁
antarctic	ænˈtɑːktɪk	南极的
antarctica	æn'tɑ:ktikə	* n. 南极洲
antique	ænˈtiːk	古董
anxiety	æŋˈzaɪətɪ	担忧，焦虑
anxious	ˈæŋkʃəs	忧虑的，焦急的
any	ˈenɪ	（无论）哪一个；哪些 任何的；（用于疑问句、否定句）一些；什么
anybody	ˈenɪbɔdɪ	任何人，无论谁
anyhow	ˈenɪhaʊ	不管怎样
anyone	ˈenɪwʌn	任何人，无论谁
anything	ˈenɪθɪŋ	什么事（物）；任何事（物）
anywa	ˈenɪweɪ	y ad. 不管怎样
anywhere	ˈenɪweə(r)	任何地方
apart	əˈpɑːt	ad,&a. 相隔，相距，除外
apartment	əˈpɑːtmənt	（美）楼中单元房，一套房间；房间
apologize	əˈpɔlədʒaɪz	道歉，谢罪
apology	əˈpɔlədʒɪ	道歉；歉意
apparent	əˈpærənt	显而易见
appeal	əˈpiːl	上诉，申诉，吸引力
appear	əˈpɪə(r)	出现
appearance	əˈpɪərəns	出现，露面；容貌
appendix	əˈpendɪks	附录，阑尾
appetite	ˈæpɪtaɪt	食欲，胃口
applaud	əˈplɔːd	&n. 鼓掌,赞许,赞赏
apple	ˈæp(ə)l	苹果
applicant	ˈæplɪkənt	申请人
application	æplɪˈkeɪʃ(ə)n	申请
apply	əˈplaɪ	申请
appoint	əˈpɔɪnt	任命，委任，安排，确定（时间，地点）
appointment	əˈpɔɪntmənt	约会
appreciate	əˈpriːʃɪeɪt	欣赏； 感激
appreciation	əpriːʃɪˈeɪʃ(ə)n	欣赏,鉴定,评估
approach	əˈprəʊtʃ	&v. 靠近，接近，建议，要求
appropriate	əˈprəʊprɪət	合适的，恰当的
approve	əˈpruːv	赞成,同意,批准,通过
approximately	əprɔksɪˈmətlɪ	近似，大约
april	ˈeɪpr(ə)l	4月
apron	ˈeɪprən	（机场的）停机坪
arab	ˈærəb	* a. 阿拉伯的 n. 阿拉伯人
arabic	ˈærəbɪk	阿拉伯语的 n. 阿拉伯语
arbitrary	ˈɑːrbɪtrerɪ	随心所欲的，独裁的，专断的
arch	ɑːtʃ	拱，拱门
architect	ˈɑːkɪtekt	建筑师，设计师
architecture	ˈɑːkɪtektʃə(r)	建筑学，建筑设计，风格
arctic	ˈɑːktɪk	北极的
are	ɑː(r)	(be) 是
area	ˈeərɪə	面积；地域，地方，区域；范围，领域
argue	ˈɑːɡjuː	争辩， 争论
argument	ˈɑːɡjʊmənt	争论，辩论
arise	əˈraɪz	起来，升起；出现
arithmetic	əˈrɪθmətɪk	算术
arm	ɑːm	臂,支架 v. 以…装备,武装起来n. （美）武器,武力
armchair	ɑːmˈtʃeə(r)	扶手椅
army	ˈɑːmɪ	军队
around	əˈraʊnd	在周围；在附近prep. 在……周围；大约
arrange	əˈreɪndʒ	安排，布置
arrangement	əˈreɪndʒmənt	安排，布置
arrest	əˈrest	逮捕，拘留
arrival	əˈraɪv(ə)l	到来，到达
arrive	əˈraɪv	到达；达到
arrow	ˈærəʊ	箭；箭头
art	ɑːt	艺术，美术；技艺
article	ˈɑːtɪk(ə)l	文章;东西,物品;冠词
artificial	ɑːtɪˈfɪʃ(ə)l	人工的，人造的
artist	ˈɑːtɪst	艺术家
as	əz, æz	& conj.像……一样；如同；因为 prep. 作为，当做
ash	æʃ	灰； 灰末
ashamed	əˈʃeɪmd	惭愧； 害臊
asia	ˈeɪʃə	* n. 亚洲
asian	ˈeɪʃ(ə)n, ˈeɪʒ(ə)n	亚洲（人）的n. 亚洲人
aside	əˈsaɪd	在旁边
ask	ɑːsk	问；请求，要求；邀请
asleep	əˈsliːp	睡着的，熟睡
aspect	ˈæspekt	方面，外观，外表
assess	əˈses	评价,评定（性质,质量）
assessment	əˈsesmənt	看法，评价
assist	əˈsɪst	帮助，协助
assistance	əˈsɪst(ə)ns	帮助，援助，支持
assistant	əˈsɪst(ə)nt	助手，助理
associate	əˈsəʊʃɪeɪt	联想，联系
association	əsəʊsɪˈeɪʃ(ə)n	协会，社团，联系
assume	əˈsjuːm; (US) əˈsuːm	假定，假设
assumption	əˈsʌmpʃ(ə)n	假定，假设
astonish	əˈstɔnɪʃ	使惊讶
astronaut	ˈæstrənɔːt	宇航员
astronomer	əˈstrɔnəmə(r)	天文学家
astronomy	əˈstrɔnəmɪ	天文学
at	æt	在（几点钟）; 在（某处）
athlete	ˈæθliːt	运动员
athletic	æθˈletɪk	健壮的,体育运动的
athletics	æθˈletɪks	田径
atlantic	ətˈlæntɪk	大西洋的
atmosphere	ˈætməsfɪə(r)	大气；气氛
atom	ˈætəm	原子，微粒
attach	əˈtætʃ	把…固定，重视
attack	əˈtæk	&n. 攻击，袭击
attain	əˈteɪn	（经过努力）获得,得到
attempt	əˈtempt	试图，尝试
attend	əˈtend	看护，照料，服侍；出席，参加
attention	əˈtenʃ(ə)n	注意，关心
attentively	ə'tentivli	注意地
attitude	ˈætɪtud	态度，看法
attract	əˈtrækt	吸引，引起
attraction	əˈtrækʃ(ə)n	吸引，爱慕
attractive	əˈtræktɪv	迷人的，有吸引力的
audience	ˈɔːdɪəns	观众，听众
august	ˈɔːɡəst	8月
aunt	ænt	伯母；舅母；婶；姑；姨
australia	ɔˈstreɪljə	* n. 澳洲；澳大利亚
australian	ɔˈstreɪlɪən	澳洲的，澳大利亚人的 n. 澳大利亚人
authentic	ɜːˈθentɪk	真正的，真品的
author	ˈɔːθə(r)	作者，作家
authority	ɔːˈθɔrɪtɪ	权力,权威,威信,官方
automatic	ɔːtəˈmætɪk	自动的，机械的
autonomous	ɔːˈtɔnəməs	自治的，自主的
autumn	ˈɔːtəm	秋天，秋季
available	ˈɔːtəm	可获得的，有空的
avenue	ˈævənjuːˈævənuː	大道
average	ˈævərɪdʒ	平均；普通的 n.平均数
avoid	əˈvɔɪd	避免，躲开，逃避
awake	əˈweɪk	唤醒 a. 醒着的
award	wɔːd	奖品，奖励
aware	əˈweə(r)	知道，意识到，发觉
away	əˈweɪ	离开；远离
awesome	ˈɔːsəm	令人惊叹,很困难的
awful	ˈɔːfʊl	很坏的，极讨厌的
awkward	ˈɔːkwəd	令人尴尬,使人难堪的
baby	ˈbeɪbɪ	婴儿
bachelor	ˈbætʃələ(r)	未婚男子，单身汉
back	bæk	回（原处）；向后 a. 后面的 n. 背后，后部；背
backache	ˈbækeɪk	背痛
background	ˈbækɡraʊnd	背景
backward	ˈbækwəd	向后
bacon	ˈbeɪkən	咸猪肉；熏猪肉
bacterium	bækˈtɪərɪəm	(复bacteria) n. 细菌
bad	bæd	坏的；有害的，不利的；严重的
badly	ˈbædlɪ	坏，恶劣地
badminton	ˈbædmɪntən	羽毛球
bag	bæɡ	书包；提包；袋子
baggage	ˈbæɡɪdʒ	行李
bake	beɪk	烤； 烘（面包）
bakery	ˈbeɪkərɪ	面包店
balance	ˈbæləns	平衡
balcony	ˈbælkənɪ	阳台；楼座
ball	bɔːl	球 n. 舞会
ballet	ˈbæleɪ	芭蕾舞
balloon	bəˈluːn	气球
ballpoint	`bɔl,pɔɪnt	圆珠笔
bamboo	bæmˈbuː	竹
ban	bæn	禁令 v. 禁止；取缔
banana	bəˈnænə	香蕉
band	bænd	乐队
bandage	ˈbændɪdʒ	绷带
bang	bæŋ	砰
bank	bæŋk	（河海湖的）岸，堤 n. 银行
bar	bɑː(r)	条（长方）块，棒，横木 n.（酒店的）买酒柜台；酒吧；（卖东西的）柜台
barbecue	ˈbɑːbɪkjuː	烤肉野餐
barber	ˈbɑːbə(r)	（为男人理发）理发师
barbershop	`bɑrbər,ʃɑp	理发店
bare	beə(r)	裸露的，光秃秃的
bargain	ˈbɑːɡɪn	（经讨价还价后）成交的商品；廉价货 v. 讨价还价
bark	bɑːk	狗叫 n. 狗叫声
barrier	'bærɪə	屏障，障碍，关卡
base	beɪs	根据地，基地（棒球）垒
baseball	ˈbeɪsbɔːl	棒球
basement	ˈbeɪsmənt	地下室
basic	ˈbeɪsɪk	基本的
basin	ˈbeɪs(ə)n	水盆，脸盆
basis	ˈbeɪsɪs	原因，缘由，要素
basket	ˈbæskɪt	篮子
basketball	ˈbɑːskɪtbɔːl	篮球
bat	bæt	（棒球、板球的）球棒 n. 蝙蝠
bath	bæθ	洗澡；浴室；澡盆
bathe	beɪð	洗澡；游泳
bathrobe	ˈbɑːθrəʊb	浴衣
bathroom	ˈbɑːθruːm	浴室，盥洗室
bathtub	'bɑ:θtʌb	澡盆
battery	ˈbætərɪ	电池
battle	ˈbæt(ə)l	战斗；战役
battleground	ˈbæt(ə)lɡraʊnd	战场
bay	beɪ	湾； 海湾
bc	ˌbiːˈsiː	公元前
be	biː	是（原形）,其人称和时态形式有(am, is, are, was, were, being, been)；成为
beach	biːtʃ	海滨，海滩
beam	biːm	平衡木
bean	biːn	豆，豆科植物
beancurd	'bi:nkə:d	豆腐
bear	beə(r)	承受，负担，承担；忍受；容忍 n. 熊
beard	bɪəd	（下巴上的）胡须
beast	biːst	野兽；牲畜
beat	biːt	敲打；跳动；打赢 n. （音乐）节拍
beautiful	ˈbjuːtɪf(ə)l	美，美丽，美观的
beauty	ˈbjuːtɪ	美丽，美人
because	bɪˈkɔːz	因为
become	bɪˈkʌm	变得；成为
bed	bed	床
bedclothes	ˈbedkləʊðz	铺盖（被褥等）
beddings	ˈbedɪŋ	卧具，铺盖
bedroom	ˈbedruːm	寝室，卧室
bee	biː	蜜蜂
beef	biːf	牛肉
beehive	ˈbiːhaɪv	蜂箱
beer	bɪə(r)	啤酒
before	bɪˈfɔː(r)	在…以前；在…前面 ad. 以前 conj. 在…之前
beg	beɡ	请求，乞求，乞讨
begin	bɪˈɡɪn	开始,着手
beginning	bɪˈɡɪnɪŋ	开始，开端
behalf	bɪˈhɑːf	代表某人，为了某人
behave	bɪˈheɪv	守规矩，行为
behaviour	bɪ`heɪvjər	行为，举止
behind	bɪˈhaɪnd	(表示位置)在…后面 ad. 在后面；向后
being	ˈbiːɪŋ	物；生物；人
belgium	ˈbeldʒəm	* n. 比利时
belief	bɪˈliːf	信条，信念
believe	bɪˈliːv	相信，认为
bell	bel	钟,铃;钟(铃)声;钟形物
belly	ˈbelɪ	肚子
belong	bɪˈlɔŋ	属，附属
below	bɪˈləʊ	在……下面
belt	belt	（皮）带
bench	bentʃ	长凳；工作台
bend	bend	使弯曲
beneath	bɪˈniːθ	在…下方（面）
beneficial	benɪˈfɪʃ(ə)l	有利的，有帮助的，有用的
benefit	ˈbenɪfɪt	&v.优势,益处,使…受益
bent	bent	弯的
beside	bɪˈsaɪd	在…旁边；靠近
besides	bɪˈsaɪdz	除…以外（还有） ad. 还有，此外
best	best	& ad. 最好的；最好地，最 n. 最好的（人或物）
best--seller	best- ˈselə(r)	畅销书
betray	bɪˈtreɪ	出卖,泄露（机密）,辜负
better	ˈbetə(r)	& ad. 较好的，更好的；好些； 更好地；更，更多n. 较好的事物；较优者 v. 改善；胜过
between	bɪˈtwiːn	在（两者）之间；在…中间
beyond	bɪˈjɔnd	(表示位置) 在…的那边
bicycle	ˈbaɪsɪk(ə)l	自行车
bid	bɪd	v&n. 出价，投标，向（某人）道别
big	bɪɡ	大的
bike	baɪk	自行车
bill	bɪl	账单；法案，议案； （美）钞票，纸币
billion	ˈbɪlɪən	十亿，百亿
bingo	ˈbɪŋɡəʊ	宾戈游戏
biochemistry		biochemistry n. 生物化学
biography	baɪˈɔɡrəfɪ	传记
biology	baɪˈɔlədʒɪ	生物（学）
bird	bɜːd	鸟
birdcage	ˈbɜːdkeɪdʒ	鸟笼
birth	bɜːθ	出生； 诞生
birthday	ˈbɜːθdeɪ	生日
birthplace	ˈbɜːθpleɪs	出生地；故乡
biscuit	ˈbɪskɪt	饼干
bishop	ˈbɪʃəp	主教
bit	bɪt	一点，一些，少量的
bite	baɪt	咬；叮
bitter	ˈbɪtə(r)	有苦味的；痛苦的，难过的；严酷的
black	blæk	黑色 a. 黑色的
blackboard	ˈblækbɔːd	黑板
blame	bleɪm	& v. 责备；责怪
blank	blæŋk	& a. 空格，空白（处）；空的；茫然无表情的
blanket	ˈblæŋkɪt	毛毯，毯子
bleed	bliːd	出血，流血
bless	bles	保佑，降福
blind	blaɪnd	瞎的
block	blɔk	大块；（木、石等）块；街区；路障 vt. 阻塞；阻挡
blood	blʌd	血，血液
blouse	blaʊs	宽罩衫；（妇女、儿童穿的）短上衣
blow	bləʊ	击；打击
blue	bluː	蓝色 a.蓝色的 a. 悲伤的；沮丧的
board	bɔːd	木板；布告牌；委员会；（政府的）部 v. 上（船、火车、飞机）
boat	bəʊt	小船，小舟
boat-race	bəʊt-reɪs	划船比赛
boating	ˈbəʊtɪŋ	划船（游玩），泛舟
body		body n. 身体
body-building	ˈbɔdɪ-ˈbɪldɪŋ	健美
boil	bɔɪl	沸腾；烧开；煮……
bomb	bɔm	炸弹 v. 轰炸
bond	bɔnd	&v. 纽带，联系，使牢固
bone	bəʊn	骨头，骨质（复数bones骨骼；骨骸）
bonus	ˈbəʊnəs	津贴，奖金，红利
book	bʊk	书；本子 v. 预定，定（房间、车票等）
bookcase	ˈbʊkkeɪs	书橱
bookmark	ˈbʊkmɑːk	书签
bookshelf	`bʊk,ʃelf	书架
bookshop	ˈbʊkʃɔp	书店
bookstore	ˈbʊkstɔː(r)	书店
boom	buːm	&v. 繁荣，轰鸣，激增
boot	buːt	长统靴；靴
booth	buːð	岗；（为某种用途而设的）亭或小隔间
border	ˈbɔːdə(r)	边缘；边境，国界
bored	bɔrd	（对人，事）厌倦的，烦闷的
boring	`bɔrɪŋ	乏味的，无聊的
born	bɔːn	出生
borrow	ˈbɔrəʊ	（向别人）借用；借
boss	bɔs	领班；老板
botanical	bəˈtænɪk(ə)l	植物学的
botany	ˈbɔtənɪ	植物； 植物学
both	bəʊθ	两；双 pron. 两者；双方
bottle	ˈbɔt(ə)l	瓶子
bottom	ˈbɔtəm	底部；底
bounce	baʊns	弹起，蹦，上下晃动
bound	baʊnd	被束缚的；被绑的；有义务的 v.& n. 跳跃
boundary	ˈbaʊndərɪ	边界，界限
bow	bəʊ	& n. 鞠躬，弯腰行礼
bowl	bəʊl	碗
bowling	ˈbəʊlɪŋ	保龄球
box	bɔks	盒子，箱子
boxing	ˈbɔksɪŋ	拳击（运动）
boy	bɔɪ	男孩
boycott	ˈbɔɪkɔt	拒绝购买，抵制
brain	breɪn	脑（子）
brake	breɪk	闸 vi. 刹车
branch	brɑːntʃ	树枝；分枝；分公司，分店；支部
brand	brænd	品牌
brave	breɪv	勇敢的
bravery	ˈbreɪvərɪ	勇气
bread	bred	面包
break	breɪk	间隙
breakfast	ˈbrekfəst	早餐
breakthrough	ˈbreɪkθruː	重大进展，突破
breast	brest	乳房，胸脯
breath	breθ	气息；呼吸
breathe	briːð	呼吸
breathless	ˈbreθlɪs	气喘吁吁的，上气不接下气的
brewery	ˈbruːərɪ	啤酒厂（公司）
brick	brɪk	砖；砖块
bride	braɪd	新娘
bridegroom	ˈbraɪdɡruːm	新郎
bridge	brɪdʒ	桥
brief	briːf	简洁的
bright	braɪt	明亮的；聪明的
brilliant	ˈbrɪlɪənt	巧妙的，使人印象深刻的，技艺高的
bring	brɪŋ	拿来，带来，取来
britain	ˈbrɪtən	* n. 英国；不列颠
british	ˈbrɪtɪʃ	英国的；大不列颠的；英国人的
broad	brɔːd	宽的，宽大的
broadcast	ˈbrɔːdkɑːst	广播节目
brochure	brəʊˈʃʊər	资料（或广告）手册
broken	ˈbrəʊkən	弄坏了的
broom	bruːm	扫帚
brother	ˈbrʌðə(r)	兄；弟
brotherhood	ˈbrʌðəhʊd	兄弟般的关系
brown	braʊn	褐色，棕色 a. 褐色的，棕色的
brunch	ˈbrʌntʃ	早午饭（晚早饭）
brush	brʌʃ	刷；擦 n. 刷子
bucket	ˈbʌkɪt	铲斗；桶
buddhism	ˈbʊdɪz(ə)m	佛教
buddhist	'budist	佛教徒
budget	ˈbʌdʒɪt	预算
buffet	bəˈfeɪ	自助餐
build	bɪld	建筑；造
building	ˈbɪldɪŋ	建筑物；房屋；大楼
bun	bʌn	馒头；小甜面包
bunch	bʌntʃ	串,束,扎,大量,大批
bungalow	ˈbʌŋɡələʊ	平房
burden	ˈbɜːd(ə)n	（义务，责任的）重担，负担
bureaucratic	bjuəˌrəu'krætik	官僚的
burglar	ˈbɜːɡlə(r)	入室窃贼
burial	ˈberɪəl	埋葬
burn	bɜːn	燃，烧，着火；使烧焦；使晒黑 n. 烧伤；晒伤
burst	ˈbɜːst	突然发生； 突然发作
bury	ˈberɪ	埋；葬
bus	bʌs	公共汽车
bush	bʊʃ	灌木丛，矮树丛
business	ˈbɪznɪs	（本分）工作，职业；职责；生意，交易；事业
businessman	ˈbɪznɪsmæn	商人（男）；男企业家
businesswoman	ˈbɪznɪswʊmæn	商人（女）；女企业家
busy	ˈbɪzɪ	忙（碌）的
but	bət, bʌt	但是，可是 prep. 除了, 除……外
butcher	'bʊtʃə	vt. 肉店；屠夫 屠宰（动物）；残杀（人）
butter	ˈbʌtə(r)	黄油，奶油
butterfly	ˈbʌtəflaɪ	蝴蝶
button	ˈbʌt(ə)n	纽扣；（电铃等的）按钮 v. 扣（纽扣）
buy	baɪ	买
by	baɪ	靠近，在…旁；在…时间；不迟于；被；用；由；乘（车）
bye	baɪ	再见
cab	kæb	（美）出租车
cabbage	ˈkæbɪdʒ	卷心菜，洋白菜
caf	ˈkæfeɪ; (US) kæˈfeɪ	咖啡馆； 餐馆
cafeteria	kæfɪˈtɪərɪə	自助餐厅
cage	keɪdʒ	n 笼；鸟笼
cake	keɪk	蛋糕，糕点；饼
calculate	ˈkælkjʊleɪt	计算，核算，推测
call	kɔːl	喊，叫；电话，通话 v. 称呼；呼唤；喊，叫
calm	kɑːm; (US) kɑːlm	镇静,沉着的 v.镇静沉着
camel	ˈkæm(ə)l	骆驼
camera	ˈkæmərə	照相机；摄像机
camp	kæmp	（夏令）营 vi.野营,宿营
campaign	kæmˈpeɪn	运动，战役
can	ken, kæn	可能；能够；可以 不能 n.（美）罐头；罐子
canada	ˈkænədə	* n. 加拿大
canadian	kəˈneɪdɪən	加拿大的；加拿大人的 n. 加拿大人
canal	kəˈnæl	运河；水道
cance	ˈkænsə(r)	r n. 癌
cancel	ˈkæns(ə)l	取消
candidate	ˈkændɪdeɪt	候选人，申请人
candle	ˈkænd(ə)l	蜡烛
candy	ˈkændɪ	糖果
canteen	kænˈtiːn	餐厅；食堂
cap	kæp	（无檐的或仅在前面有檐的）帽子；（瓶子的）盖；（钢笔等的）笔套
capital	ˈkæpɪt(ə)l	首都.省会.大写；资本
capsule	ˈkæpsl	（药）胶囊
captain	ˈkæptɪn	（海军）上校；船长，舰长；队长
caption	ˈkæpʃ(ə)n	（图片，漫画等的）说明文字
car	kɑː(r)	汽车，小卧车
carbon	ˈkɑːbən	碳
card	kɑːd	卡片；名片；纸牌
care	keə(r)	照料，保护；小心v. 介意……，在乎；关心
careful	ˈkeəfʊl	小心，仔细，谨慎的
careless	ˈkeəlɪs	粗心的，漫不经心的
carpenter	ˈkɑːpɪntə(r)	木工，木匠
carpet	ˈkɑːpɪt	地毯
carriage	ˈkærɪdʒ	四轮马车;（火车）客车厢
carrier	ˈkærɪə(r)	搬运者；媒介;（自行车等的）置物架；（车的）货架
carrot	ˈkærət	胡萝卜
carry	ˈkærɪ	拿，搬，带，提，抬，背，抱，运等
cartoon	kɑːˈtuːn	动画片，卡通；漫画
carve	kɑːv	刻；雕刻
case	keɪs	情况；病例；案件；真相 n. 箱；盒；容器
cash	kæʃ	现金，现钞 v. 兑现
cassettle	kæ'set	磁带
cast	kæst	扔，抛，撒
castle	ˈkɑːs(ə)l; (US) ˈkæsl	城堡
casual	ˈkæʒʊəl	漫不经心的，不经意的，非正式的
cat	kæt	猫
catalogue	'kætəlɔg	目录
catastrophe	kəˈtæstrəfɪ	灾难，灾祸，不幸事件
catch	kætʃ	接住；捉住；赶上；染上（疾病）
category	ˈkætɪɡərɪ	类别，种类
cater	ˈkeɪtə(r)	提供饮食，承办酒席
cathedral	kəˈθiːdr(ə)l	大教堂（天主教）
catholic	ˈkæθəlɪk	天主教的
cattle	ˈkæt(ə)l	牛（总称），家畜
cause	kɔːz	原因，起因 vt. 促使，引起，使发生
caution	ˈkɔːʃ(ə)n	谨慎，小心，警告
cautious	ˈkɔːʃəs	小心的，谨慎的
cave	keɪv	洞，穴；地窖
cd	ˌsi:'di:	光盘 (compact disk的缩写)
cd-rom	ˌsi:'di: -rɔm,rəʊm	信息储存光盘(compact disk read-only memory的缩写)
ceiling	ˈsiːlɪŋ	天花板，顶棚
celebrate	ˈselɪbreɪt	庆祝
celebration	selɪˈbreɪʃ(ə)n	庆祝；庆祝会
cell	sel	（监狱的）单人牢房；（修道院等的）单人小室；（蜂巢的）小蜂窝，蜂房；［生物］ 细胞
cellar	ˈselə(r)	地窖；地下储藏室
cent	sent	美分（100 cents = 1 dollar）
center		center n. 中心，中央
centigrade	ˈsentɪɡreɪd	摄氏的
centimetre	'sentiˌmi:tə(r)	(美 centimeter) n. 公分，厘米
central	ˈsentr(ə)l	中心，中央；主要的
century	ˈsentʃərɪ	世纪，百年
ceremony	ˈserɪmənɪ	典礼，仪式，礼节
certain	ˈsɜːt(ə)n	（未指明真实名称的）某…；确定的，无疑的；一定会…
certainly	ˈsɜːtənlɪ	当然；一定，无疑
certificate	səˈtɪfɪkət	证明，证明书
chain	tʃeɪn	链； 链条
chair	tʃeə(r)	椅子
chairman	ˈtʃeəmən	(pl. chairmen) n. 主席，会长；议长
chairwoman	'tʃɛəˌwumən	女主席, 女会长；女议长
chalk	tʃɔːk	粉笔
challenge	ˈtʃælɪndʒ	挑战(性)
challenging	ˈtʃælɪndʒɪŋ	具有挑战性的
champion	ˈtʃæmpɪən	冠军，优胜者
chance	tʃɑːns; (US) tʃæns	机会，可能性
change	tʃeɪndʒ	零钱；找头v. 改变，变化；更换；兑换
changeable	ˈtʃeɪndʒəb(ə)l	易变的，变化无常的
channel	ˈtʃæn(ə)l	频道；通道；水渠
chant	tʃɑːnt	v&n.反复呼喊
chaos	ˈkeɪɔs	混乱，杂乱，紊乱
chapter	ˈtʃæptə(r)	章
character	ˈkærɪktə(r)	（汉）字.字体；品格
characteristic	kærɪktəˈrɪstɪk	典型的，独特的
charge	tʃɑːdʒ	要求收费；索价；将(电池)充电 n. 费用；价钱
chart	tʃɑːt	图表；航海图
chat	tʃæt	& vi. 聊天，闲谈
cheap	tʃiːp	便宜的，贱
cheat	tʃiːt	& v. 骗取，哄骗；作弊
check	tʃek	检查；批改 vt. 校对，核对； 检查；批改
cheek	tʃiːk	面颊，脸蛋
cheer	tʃɪə(r)	& vi.欢呼； 喝彩
cheerful	ˈtʃɪəfʊl	兴高采烈的，快活的
cheers	tʃɪə(r)	干杯，(口)谢谢，再见
cheese	tʃiːz	奶酪
chef	ʃef	厨师长，主厨
chemical	ˈkemɪk(ə)l	化学的 n. 化学品
chemist	ˈkemɪst	药剂师；化学家
chemistry	ˈkemɪstrɪ	化学
cheque	tʃek	(美check) n. 支票
chess	tʃes	棋
chest	tʃest	箱子；盒子；胸部
chew	tʃuː	咀嚼
chick	tʃɪk	小鸡
chicken	ˈtʃɪkən	鸡；鸡肉
chief	tʃiːf	主要,首要的 n.领导，头
child	tʃaɪld	孩子，儿童
childhood	ˈtʃaɪldhʊd	幼年时代，童年
chimney	ˈtʃɪmnɪ	烟囱，烟筒
china	ˈtʃaɪnə	* n. 中国
chinese	tʃaɪˈniːz	中国的；中国人的；中国话的，汉语的 n.中国人；中国话，汉语，中文
chips	tʃɪp	(pl.)炸土豆条（片）
chocolate	ˈtʃɔklət	巧克力
choice	tʃɔɪs	选择；抉择
choir	ˈkwaɪə(r)	合唱团，教堂的唱诗班
choke	tʃəʊk	& v. 窒息
choose	tʃuːz	选择
chopsticks	ˈtʃɔpstɪks	筷子
chorus	ˈkɔːrəs	合唱曲，歌咏队
christian	ˈkrɪstɪən	基督教徒和天主教徒的总称
christmas	ˈkrɪsməs	圣诞节（12月25日）
church	tʃɜːtʃ	教堂；教会
cigar	sɪˈɡɑː(r)	雪茄烟
cigarette	sɪɡəˈret	纸烟，香烟
cinema	ˈsɪnəmə	电影院；电影
circle	ˈsɜːk(ə)l	n&vt. 圆圈 将…圈起来
circuit	ˈsɜːkɪt	环形路线，巡回赛
circulate	ˈsɜːkjʊleɪt	（液体或气体）环流，循环
circumstance	ˈsɜːkəmstəns	条件,环境,状况
circus	ˈsɜːkəs	马戏团
citizen	ˈsɪtɪz(ə)n	公民；居民
city	ˈsɪtɪ	市，城市，都市
civil	ˈsɪv(ə)l	国内的；平民（非军人）的；民用的
civilian	sɪˈvɪlɪən	平民，老百姓
civilization	sɪvɪlaɪˈzeɪʃ(ə)n; (US) sɪvəlɪˈzeɪʃən	文明
clap	klæp	拍手；鼓掌
clarify	ˈklærɪfaɪ	澄清，阐明
class	klɑːs; (US) klæs	（学校的）班；年级；课
classic	ˈklæsɪk	一流的，典型的，有代表性的
classical	ˈklæsɪk(ə)l	传统的；古典的
classify	ˈklæsɪfaɪ	分类，归类
classmate	ˈklɑːsmeɪt	同班同学
classroom	ˈklɑːsruːm	教室
claw	klɔː	爪
clay	kleɪ	黏土，陶土
clean	kliːn	弄干净，擦干净 a. 清洁的，干净的
cleaner	kliːnə(r)	清洁工.,清洁器.,清洁剂
clear	klɪə(r)	清晰；明亮的；清楚的
clearly	ˈklɪəlɪ	清楚地，无疑地
clerk	klɑːk; (US) klərk	书记员；办事员；职员
clever	ˈklevə(r)	聪明的，伶俐的
click	klɪk	点击（计算机用语）
climate	ˈklaɪmɪt	气候
climb	klaɪm	爬，攀登
clinic	ˈklɪnɪk	诊所
clock	klɔk	钟
clone	kləʊn	克隆（无性繁殖出来的有机体群）
close	kləʊz	亲密的；近，靠近 ad. 近，靠近 vt. 关，关闭
cloth	klɔθ; (US) klɔθ	布
clothes	klɔðz; (US) kləʊz	衣服；各种衣物
clothing	ˈkləʊðɪŋ	(总称) 衣服
cloud	ˈkləʊðɪŋ	云；云状物；阴影
cloudy	ˈklaʊdɪ	多云的，阴天的
club	klʌb	俱乐部；纸牌中的梅花
clumsy	ˈklʌmzɪ	笨拙的，不灵巧的
co-worker	ˈkəʊ ˈwɜːkə(r)	合作者；同事
coach	kəʊtʃ	教练；马车；长途车
coal	kəʊl	煤；煤块
coast	kəʊst	海岸；海滨
coat	kəʊt	外套；涂层；表皮；皮毛 vt. 给……穿外套；涂上
cock	kɔk	公鸡
cocoa	ˈkəʊkəʊ	可可粉
coffee	ˈkɔfɪ; (US) ˈkɔːfɪ	咖啡
coin	kɔɪn	硬币
coincidence	kəʊɪnˈsɪdəns	巧合，巧事
coke	kəʊk	可口可乐
cold	kəʊld	冷的，寒的 n. 寒冷；感冒，伤风
cold-blooded	kəʊld blʌdɪd	(动物) 冷血的
collar	ˈkɔlə(r)	衣领； 硬领
colleague	ˈkɔliːɡ	同事
collect	kəˈlekt	收集，搜集
collection	kəˈlekʃ(ə)n	收藏品，收集物
college	ˈkɔlɪdʒ	学院；专科学校
collision	kəˈlɪʒ(ə)n	碰撞事故
color	'kʌlə	颜色 vt.给…着色，涂色
comb	kəʊm	梳子 v. 梳
combine	kəmˈbaɪn	使联合；使结合
come	kʌm	来，来到
comedy	ˈkɔmədɪ	喜剧
comfort	ˈkʌmfət	安慰； 慰问
comfortable	ˈkʌmfərtəbl	舒服的；安逸的；舒服自在的
comma	ˈkɔmə	逗号
command	kəˈmɑːnd; (US) kəˈmænd	& v. 命令
comment	ˈkɔment	评论
commericial		commericial a.贸易的，商业的
commit	kəˈmɪt	犯（罪，错），自杀
commitment	kəˈmɪtmənt	承诺,允诺,承担
committee	kəˈmɪtɪ	委员会
common	ˈkɔmən	普通，一般；共有的
communicate	kəˈmjuːnɪkeɪt	交际；传达（感情，信息等）
communication	kəmjuːnɪˈkeɪʃ(ə)n	交际,交往;通
communism	ˈkɔmjʊnɪz(ə)m	共产主义
communist	ˈkɔmjuːnɪst	共产主义者 a. 共产党的；共产主义的
companion	kəmˈpænɪən	同伴；同事
company	ˈkʌmpənɪ	公司
compare	kəmˈpeə(r)	比较，对照
compass	ˈkʌmpəs	罗盘，指南针
compensate	ˈkɔmpenseɪt	补偿，弥补
compete	kəmˈpiːt	比赛，竞赛
competence	ˈkɔmpətəns	能力,胜任,管辖权
competition	kɔmpəˈtɪʃ(ə)n	比赛，竞赛
competitor	kəmˈpetɪtə(r)	竞赛者，比赛者
complete	kəmˈpliːt	完成vt. 完成，结束
complex	ˈkɔmpleks	&n. 复杂的，建筑群
component	kəmˈpəʊnənt	组成部分，部件
composition	kɔmpəˈzɪʃ(ə)n	作文；作曲
comprehension	kɔmprɪˈhenʃ(ə)n	理解
compromise	ˈkɔmprəmaɪz	妥协,折中,让步
compulsory	kəmˈpʌlsərɪ	强制的,必须做的
computer	kəmˈpjuːtə(r)	电子计算机
comrade	ˈkɔmrɪd; (US) ˈkɑmræd	同志
concentrate	ˈkɔnsəntreɪt	聚精会神
concept	ˈkɔnsept	概念
concern	kənˈsɜːn	&n. 涉及，关心
concert	ˈkɔnsət	音乐会；演奏会
conclude	kənˈkluːd	完成，结束
conclusion	kənˈkluːʒ(ə)n	结论；结束
concrete	ˈkɔŋkriːt	混凝土制的
condemn	kənˈdem	谴责，指责，宣判
condition	kənˈdɪʃ(ə)n	条件，状况
conduct	ˈkɔndʌkt	引导，带领
conductor	kənˈdʌktə(r)	管理人；指导者；（车上的）售票员，列车员；乐队指挥
conference	ˈkɔnfərəns	(正式的)会议；讨论
confident	ˈkɔnfɪdənt	自信的
confidential	kɔnfɪˈdenʃ(ə)l	机密的，保密的
confirm	kənˈfɜːm	证实，证明，确认
conflict	ˈkɔnflɪkt	冲突，争执，争论
confuse	kənˈfjuːz	使迷惑，混淆
congratulate	kənˈɡrætjʊleɪt	祝贺
congratulation	kənɡrætjʊˈleɪʃ(ə)n	祝贺，庆贺
connect	kəˈnekt	连接，把…联系起来
connection	kəˈnekʃ(ə)n	连接物;接触,联系
conscience	ˈkɔnʃəns	良心，良知，内疚
consensus	kənˈsensəs	一致的意见，共识
consequence	ˈkɔnsɪkwens	结果，后果
conservation	kɔnsəˈveɪʃ(ə)n	n 保存；（自然资源的）保护，管理
conservative	kənˈsɜːvətɪv	保守的，守旧的；保守主义的；谨慎的 n.保守的人，保守主义
consider	kənˈsɪdə(r)	考虑
considerate	kənˈsɪdərət	体贴的
consideration	kənsɪdəˈreɪʃ(ə)n	考虑；关心
consist	kənˈsɪst	包含，组成，构成
consistent	kənˈsɪst(ə)nt	一致的，始终如一的，连续的
constant	ˈkɔnstənt	经常的，不断的
constitution	kɔnstəˈtuːʃən	宪法，章程，身体素质
construct	kənˈstrʌkt	构筑；建造，建设
construction	kənˈstrʌkʃ(ə)n	建造,建设,建筑物
consult	kənˈsʌlt	咨询，商量
consultant	kənˈsʌltənt	顾问
consume	kənˈsʌltənt	消耗，耗费（燃料，能量，时间等）
contain	kənˈteɪn	包含；包括；能容纳
container	kənˈteɪnə(r)	容器
contemporary	kənˈtempərerɪ	属同时期的，同一时代的
content	kənˈtent	甘愿的,满意的 n.内容
continent	ˈkɔntɪnənt	大陆，大洲；陆地
continue	kənˈtɪnjuː	继续
contradict	kɔntrəˈdɪkt	反驳，驳斥，批驳
contradictory	ˌkɔntrə'diktəri	相互矛盾,对立的
contrary	ˈkɔntrerɪ	&a. 相反 相反的
contribute	kənˈtrɪbjuːt	贡献
contribution	kɔnˈtrɪbjuːt	贡献
control	kənˈtrol	& n. 控制
controversial	kɔntrəˈvɜːʃ(ə)l	引起争论的,有争议的
convenience	kənˈviːnɪəns	便利
convenient	kənˈviːnɪənt	便利的，方便的
conventional	kənˈvenʃən(ə)l	依照惯例的，习惯的
conversation	kɔnvəˈseɪʃ(ə)n	谈话，交谈
convey	kənˈveɪ	表达，传递（思想，感情等）
convince	kənˈvɪns	使确信，使信服
cook	kʊk	炊事员,厨师 v.烹调,做饭
cooker	ˈkʊkə(r)	炊具(锅、炉灶、烤炉等)
cookie	ˈkʊkɪ	小甜饼
cool	kuːl	凉的，凉爽的；酷
copy	ˈkɔpɪ	抄本，副本；一本（份，册……） v. 抄写；复印；（计算机用语）拷（备 份盘）
coral	ˈkɔːrəl	珊瑚；珊瑚虫
cordless	ˈkɔːdlɪs	无线的
corn	kɔːn	玉米，谷物
corner	ˈkɔːnə(r)	角；角落；拐角
corporation	kɔːpəˈreɪʃ(ə)n	（大）公司
correct	kəˈrekt	改正；纠正 a. 正确的，对的；恰当的
correction	kəˈrekʃ(ə)n	改正
correspond	kɔːrəˈspɔnd	一致；与……相当；(与人)通信，有书信往来
corrupt	kəˈrʌpt	&v. 贪污的，腐败的，使腐化，堕落
cost	kɔːst	值（钱），花费 n. 价格
cosy	'kəuzi	暖和舒适的,亲密无间的
cottage	ˈkɔtɪdʒ	(郊外)小屋,村舍,别墅
cotton	ˈkɔt(ə)n	棉花 a. 棉花的
cough	kɔːf	& vi. 咳嗽
could	kʊdˈməʊd(ə)l	（can的过去式）可以…；（表示许可或请求）可以…，行
count	kaʊnt	数，点数
counter	ˈkaʊntə(r)	柜台，结账处
country	ˈkʌntrɪ	国家；农村，乡下
countryside	ˈkʌntrɪsaɪd	乡下，农村
couple	ˈkʌp(ə)l	夫妇，一对
courage	ˈkʌrɪdʒ	勇气； 胆略
course	kɔːs	过程；经过；课程
court	kɔːt	法庭；法院
courtyard	ˈkɔːtjɑːd	庭院，院子
cousin	ˈkʌz(ə)n	堂（表）兄弟，堂（表）姐妹
cover	ˈkʌvə(r)	盖子；罩 v. 覆盖，遮盖；掩盖
cow	kaʊ	母牛，奶牛
cowboy	ˈkaʊbɔɪ	（美国）牛仔;牧场骑士
crash	kræʃ	&n. 碰撞，撞击
crayon	ˈkreɪən	n 蜡笔；蜡笔画
crazy	ˈkreɪzɪ	疯狂的
cream	kriːm	奶油，乳脂
create	kriːˈeɪt	创造； 造成
creature	ˈkriːtʃə(r)	生物，动物
credit	ˈkredɪt	信用；信赖；信誉
crew	kruː	全体船员
crime	kraɪm	（法律上的）罪，犯罪
criminal	ˈkrɪmɪn(ə)l	罪犯
criterion	kraɪˈtɪərɪən	标准，准则，原则
crop	krɔp	庄稼；收成
cross	krɔs	脾气不好的，易怒的 n. 十字形的东西 vt. 越过；穿过
crossing	ˈkrɔsɪŋ	十字路口，人行横道
crossroads	ˈkrɔsrəʊd	交叉路口
crowd	kraʊd	人群 vt. 拥挤，群聚
crowded	ˈkraʊdɪd	拥挤的
cruel	ˈkruːəl	残忍的，残酷的；无情的
cry	kraɪ	叫喊；哭声 v. 喊叫；哭
cube	kjuːb	立方体
cubic	ˈkjuːbɪk	立方体的，立方形的
cuisine	kwɪˈziːn	饭菜，佳肴
culture	ˈkʌltʃə(r)	文化
cup	kʌp	茶杯
cupboard	ˈkʌbəd	碗柜；橱柜
cure	kjʊə(r)	& vt. 治疗；医好
curious	ˈkjʊərɪəs	好奇的；奇异的
currency	ˈkʌrənsɪ	货币；现金
curriculum	kəˈrɪkjʊləm	（学校的）全部课程
curtain	ˈkɜːt(ə)n	窗帘
cushion	ˈkʊʃ(ə)n	垫子
custom	ˈkʌstəm	习惯，习俗，风俗习惯
customer	ˈkʌstəmə(r)	（商店）顾客，主顾
customs	ˈkʌstəm	海关，关税
cut	kʌt	&n. 切，剪，削，割, 伤口
cycle	ˈsaɪk(ə)l	骑自行车
cyclist	ˈsaɪklɪst	骑自行车的人
dad	dæd	（口）爸爸，爹爹
daily	ˈdeɪlɪ	每日的；日常的 ad. 每天 n. 日报
dam	dæm	水坝，堰堤
damage	ˈdæmɪdʒ	& vt. 毁坏，损害
damp	dæmp	& n. 潮湿（的）
dance	dɑːns; (US) dæns	& vi. 跳舞
danger	ˈdeɪndʒə(r)	危险
dangerous	ˈdeɪndʒərəs	危险的
dare	deə(r)	& aux..（后接不带to的不定式；主要用于疑问，否定或条件句）敢，敢于
dark	dɑːk	黑暗；暗处；日暮 a. 黑暗的；暗淡的；深色的
darkness	ˈdɑːknɪs	黑暗，阴暗
dash	dæʃ	& n. 快跑，冲刺，短跑
data	ˈdætə	资料，数据
database	ˈdeɪtbeɪs	资料库，数据库
date	deɪt	日期；约会 n.枣
daughter	ˈdɔːtə(r)	女儿
dawn	dɔːn	黎明，拂晓
day	deɪ	（一）天，（一）日；白天
daylight	ˈdeɪlaɪt	日光，白昼； 黎明
dead	ded	死的；无生命的
deadline	ˈdedlaɪn	最后期限，截止日期
deaf	def	聋的
deal	diːl	量，数额；交易
dear	dɪə(r)	（表示惊愕）哎呀！唷！ a. 亲爱的；贵的
death	deθ	死
debate	dɪˈbeɪt	& v.讨论，辩论
debt	det	债务；欠款
decade	ˈdekeɪd	十年期
december	dɪˈsembə(r)	12月
decide	dɪˈsaɪd	决定；下决心
decision	dɪˈsɪʒ(ə)n	决定；决心
declare	dɪˈkleə(r)	声明；断言
decline	dɪˈklaɪn	减少,下降,衰退,谢绝
decorate	ˈdekəreɪt	装饰…，修饰…
decoration	dekəˈreɪʃ(ə)n	装饰，修饰
decrease	dɪˈkriːs	减少，减小，降低
deed	diːd	行为；事迹
deep	diːp	深 ad. 深；深厚
deeply	ˈdiːplɪ	深深地
deer	dɪə(r)	鹿
defeat	dɪˈfiːt	击败；战胜
defend	dɪˈfend	防守；保卫
defense	di'fens	& v. 防御；防务
degree	dɪˈɡriː	程度；度数；学位
delay	dɪˈleɪ	& n. 拖延，延误，延迟，延期；耽搁
delete	dɪˈliːt	删去
deliberately	dɪˈlɪbərətlɪ	故意,蓄意,存心
delicate	ˈdelɪkət	易损的，易碎的
delicious	dɪˈlɪʃəs	美味的，可口的
delight	dɪˈlaɪt	快乐；乐事
delighted	di'laitid	高兴的，快乐的
deliver	dɪˈlɪvə(r)	投递（信件，邮包等）
demand	dɪˈmɑːnd; (US) dɪˈmænd	要求
dentist	ˈdentɪst	牙科医生
department	dɪˈpɑːtmənt	部门；（机关的）司，处；（大学的）系
departure	dɪˈpɑːtʃə(r)	离开，启程
depend	dɪˈpend	依靠，依赖，指望；取决于
deposit	dɪˈpɔzɪt	&n. 订金，押金，放下，放置，储存
depth	depθ	深，深度
describe	dɪˈskraɪb	描写，叙述
description	dɪˈskrɪpʃ(ə)n	描述，描写
desert	dɪˈzɜːt	沙漠 vt. 舍弃； 遗弃
deserve	dɪˈzɜːv	（不用于进行时态）应得，应受
design	dɪˈzaɪn	& vt. n. 设计，策划 图案，图样，样式
desire	dɪˈzaɪə(r)	& n. 要求；期望
desk	desk	书桌，写字台
desperate	ˈdespərət	（因绝望而）不惜冒险的，不顾一切的，拼命的
dessert	dɪˈzɜːt	甜点
destination	destɪˈneɪʃ(ə)n	目的地，终点
destroy	dɪˈstrɔɪ	破坏，毁坏
detective	dɪˈtektɪv	侦探
determination	dɪtɜːmɪˈneɪʃ(ə)n	决心
determine	dɪˈtɜːmɪn	决定；决心
develop	dɪˈveləp	（使）发展；（使）发达；（使）发育；开发 vt. 冲洗（照片）
development	dɪˈveləpmənt	发展，发达，发育，开发
devote	dɪˈvəʊt	把…奉献, 把…专用（于）
devotion	dɪˈvəʊʃ(ə)n	奉献，奉献精神
diagram	ˈdaɪəɡræm	图表，图样
dial	ˈdaɪ(ə)l	拨（电话号码）
dialogue	ˈdaɪəlɔːɡ	对话
diamond	ˈdaɪəmənd	钻石，金刚石；纸牌中的方块
diary	ˈdaɪərɪ	日记；日记簿
dictation	dɪkˈteɪʃ(ə)n	听写
dictionary	ˈdɪkʃənerɪ	词典，字典
die	daɪ	死 diet /daɪ/ n. 饮食
differ	ˈdɪfə(r)	相异，有区别
difference	ˈdɪfrəns	不同
different	ˈdɪfrənt	不同的，有差异的
difficult	ˈdɪfɪkəlt	难；艰难；不易相处
difficulty	ˈdɪfɪkəltɪ	困难，费力
dig	dɪɡ	挖（洞沟）,掘
digest	dɪˈdʒest, daɪˈdʒest	消化, 领会
digital	ˈdɪdʒɪt(ə)l	.数字的，数码的
dignity	ˈdɪɡnɪtɪ	庄重，庄严，尊严。尊贵，高尚
dilemma	daɪˈlemə	（进退两难的）窘境，困境
dimension	dɪˈmenʃ(ə)n	量度，尺寸，面积，程度，范围
dine	daɪn	吃饭；（指正式）进餐
dining-room	'dainiŋ-rʊm	食堂，饭厅
dinner	ˈdɪnə(r)	正餐，宴会
dinosaur	ˈdaɪnəsɔː(r)	恐龙
dioxide	daɪˈɔksaɪd	二氧化物
dip	dɪp	浸，蘸；把…放入又取出
diploma	dɪˈpləʊmə	毕业文凭；学位证书
direct	dɪˈrekt, daɪˈrekt	&vt. 直接的；直达的；直截了当的 指挥；指导；监督；管理；指挥（演奏）；导演（电影）
direction	dɪˈrekʃ(ə)n, daɪˈrekʃ(ə)n	方向；方位
director	dɪˈrektə(r)	所长，处长，主任；董事；导演
directory	dɪˈrektərɪ	姓名地址录
dirt	dɜːt	污物；脏物
dirty	ˈdɜːtɪ	脏的
disability	dɪsəˈbɪlɪtɪ	. 残疾；无能
disabled	dɪsˈeɪb(ə)ld	残废的，残疾的
disadvantage	dɪsədˈvɑːntɪdʒ	不利条件；弱点
disagree	dɪsəˈɡriː	意见不一致，持不同意见
disagreement	dɪsəˈɡriːmənt	意见不一致；相违；争论
disappear	dɪsəˈpɪə(r)	消失
disappoint	dɪsəˈpɔɪnt	使失望
disappointment	dɪsəˈpɔɪntmənt	失望；沮丧
disaster	dɪzˈæstər	灾难；祸患
discount	ˈdɪskaʊnt	折扣
discourage	dɪˈskʌrɪdʒ	（使）气馁；打消（做…的念头）
discover	dɪˈskʌvə(r)	发现
discovery	dɪˈskʌvərɪ	发现
discrimination	dɪskrɪmɪˈneɪʃ(ə)n	歧视
discuss	dɪsˈkʌs	讨论，议论
discussion	dɪsˈkʌʃ(ə)n	讨论，辩论
disease	dɪˈziːz	病，疾病
disgusting	dɪsˈɡʌstɪŋ	极糟的，令人不快的，令人厌恶的
dish	dɪʃ	盘，碟；盘装菜；盘形物
disk	dɪsk	磁盘
dislike	dɪsˈlaɪk	不喜爱；厌恶
dismiss	dɪsˈmɪs	让……离开；遣散；解散；解雇
disobey	dɪsəˈbeɪ	不服从
distance	ˈdɪstəns	距离
distant	ˈdɪst(ə)nt	远的，遥远的
distinction	dɪˈstɪŋkʃ(ə)n	差别,区别,优秀,卓越
distinguish	dɪˈstɪŋɡwɪʃ	区分，辨别，分清
distribute	dɪˈstrɪbjuːt	分发，分配
district	ˈdɪstrɪkt	区；地区；区域
disturb	dɪˈstɜːb	扰乱；打扰
disturbing	dɪˈstɜːbɪŋ	令人不安的，引起恐慌的
dive	daɪv	跳水
diverse	daɪˈvɜːs	不同的，多种多样，形形色色的
divide	dɪˈvaɪd	分，划分
division	dɪˈvɪʒ(ə)n	（算术用语）除
divorce	dɪˈvɔːs	离婚
dizzy	ˈdɪzɪ	头眩目晕的
do	dʊ, duː	& aux. 做，干（用以构成疑问句及否定句。第三人称单数现在时用does） 不做，不干
doctor	ˈdɔktə(r)	医生，大夫；博士
document	ˈdɔkjʊmənt	文件；文献
does		does doesn't = does not v. 动词do的第三人称单数现在式
dog	dɔːɡ	狗
doll	dɔːl	玩偶，玩具娃娃
dollar	dɔːl	元（美国、加拿大、澳大利亚等国货币单位）
door	dɔː(r)	门
dormitory	ˈdɔːrmɪtɔːrɪ	学生宿舍（缩写式dorm）
dot	dɔt	点，小点，圆点
double	ˈdʌb(ə)l	两倍.双的 n. 两个.双
doubt	daʊt	& v. 怀疑，疑惑
down	daʊn	沿着，沿…而下 ad. 向下
download	'daunləud	& v. 下载
downstairs	ˈdaʊnsteəz	在楼下；到楼下
downtown	ˈdaʊntaʊn	往或在城市的商业区（或中心区、闹市区） n. 城市的商业区，中心区，闹市区 a.城市的商业区的，中心区的，闹市区的
downward	ˈdaʊnwəd	向下
dozen	ˈdaʊnwəd	十二个；几十，许多
dr		Dr(缩) = Doctor n. 医生，大夫；博士
draft	dræft	&v. 草稿，草案，起草，草拟
drag	dræɡ	拖；拽
draw	drɔː	绘画；绘制；拉，拖；提取（金钱）
drawback	ˈdrɔːbæk	缺点，不利条件
drawer	ˈdrɔːə(r)	抽屉 drawing /ˈdrɔːɪŋ/ n. 图画，素描,绘画
dream	driːm	& vt. 梦，梦想
dress	dres	女服，连衣裙；(统指)服装；童装 v. 穿衣；穿着
drier	ˈdraɪə(r)	烘干机；吹风机
drill	drɪl	钻头；（反复的）训练 vt. 钻(孔)， 在…上钻孔；重复训练
drink	drɪŋk	饮料；喝酒
drive	draɪv	驾驶，开（车）；驱赶
driver	ˈdraɪvə(r)	司机，驾驶员
drop	drɔp	滴 v.掉下.落下.投递.放弃
drown	draʊn	溺死；淹没
drug	drʌɡ	药，药物；毒品
drum	drʌm	鼓
drunk	drʌŋk	醉的
dry	draɪ	使…干；弄干；擦干 a. 干的；干燥的
duck	dʌk	鸭子
due	djuː; (US) duː	预期的；约定的
dull	dʌl	阴暗的；单调无味
dumpling	ˈdʌmplɪŋ	饺子
during	ˈdʊərɪŋ	在…期间；在…过程中
dusk	dʌsk	黄昏
dust	dʌst	灰尘，尘土
dustbin	ˈdʌstbɪn	垃圾箱
dusty	ˈdʌstɪ	尘土般的，尘土多的
duty	ˈduːtɪ	责任，义务
dvd	'di:'vi:'di:	数码影碟(digital versatile disk)
dynamic	daɪˈnæmɪk	充满活力,精力充沛的
dynasty	ˈdaɪnəstɪ	王朝，朝代
e-mail	iː- meɪl	电子邮件
each	iːtʃ	& pron.每人.每个.每件
eager	ˈiːɡə(r)	渴望的，热切的
eagle	ˈiːɡ(ə)l	鹰
ear	ɪə(r)	耳朵.耳状物；听力，听觉
early	ɜːlɪ	早的 ad. 早地
earn	ɜːn	挣得，赚得
earth	ɜːθ	地球；土，泥；大地
earthquake	ˈɜːθkweɪk	地震
ease	iːz	减轻；缓解（难度或严重程度）
easily	ˈiːzɪlɪ	容易地
east	iːst	东方；东部的；朝东的；从东方来 ad. 在东方；向东方；从东方 n. 东，东方；东部
easter	ˈiːstə(r)	复活节
eastern	ˈiːst(ə)n	东方的；东部的
eastwards	ˈiːstwədz	向东
easy	ˈiːzɪ	容易的，不费力的
easy--going	ˈiːzɪ-ˈɡəʊɪŋ	随和的
eat	iːt	吃
ecology	ɪˈkɔlədʒɪ	生态，生态学
edge	edʒ	边缘
edition	ɪˈdɪʃ(ə)n	（发行物的）版，版（本）
editor	ˈedɪtə(r)	编辑
educate	ˈedjʊkeɪt	教育，培养
education	edjʊˈkeɪʃ(ə)n	教育，培养
educator	'edju:keitə(r)	教育家
effect	ɪˈfekt	效果；作用
effort	ˈefət	努力，艰难的尝试
egg	eɡ	蛋；卵
eggplant	ˈeɡplɑːnt	茄子
egypt	ˈiːdʒɪpt	埃及
egyptian	ɪˈdʒɪpʃ(ə)n	埃及的；埃及人的；埃及语的 n. 埃及人
eight	eɪt	八
eighteen	ˈeɪˈtiːn	十八
eighth	eɪtθ	第八
eighty	ˈeɪtɪ	八十
either	ˈaɪðə(r)	两方任一方的；二者之一 conj. 二者之一；要么……
elder	ˈeldə(r)	长者；前辈
elect	ɪˈlekt	（投票）选举
electric	ɪˈlektrɪk	电的
electrical	ɪˈlektrɪk(ə)l	电的；电器的
electricity	ɪlekˈtrɪsɪtɪ	电；电流
electronic	ɪlekˈtrɔnɪk	电子的
elegant	ˈelɪɡənt	文雅的,漂亮的,精美的
elephant	ˈelɪfənt	象
eleven	ɪˈlev(ə)n	十一
else	els	别的，其他的
embarrass	ɪmˈbærəs	使窘迫，尴尬
embassy	ˈembəsɪ	大使馆
emergency	ɪˈmɜːdʒənsɪ	紧急情况或状态
emperor	ˈempərə(r)	皇帝
empire	ˈempaɪə(r)	帝国
employ	ɪmˈplɔɪ	雇佣
empty	ˈemptɪ	空的
encourage	ɪnˈkʌrɪdʒ	鼓励
encouragement	ɪnˈkʌrɪdʒmənt	鼓励
end	end	末尾；终点；结束 v. 结束，终止
ending	ˈendɪŋ	结局；结尾，最后
endless	ˈendlɪs	无止境的； 没完的
enemy	ˈenɪmɪ	敌人；敌军
energ	ˈenədʒɪ	y n. 精力，能量
energetic	enəˈdʒetɪk	精力旺盛的
engine	ˈendʒɪn	发动机，引擎
engineer	endʒɪˈnɪə(r)	工程师；技师
england	ˈɪŋɡlənd	英格兰
english	ˈɪŋɡlɪʃ	英国的，英国人的，英语的 n. 英语
enjoy	ɪnˈdʒɔɪ	欣赏；享受乐趣；喜欢
enjoyable	ɪnˈdʒɔɪəb(ə)l	愉快的；有趣的
enlarge	ɪnˈlɑːdʒ	扩大
enough	ɪˈnʌf	足够；充足 a. 足够；充分的 ad. 足够地；充分地
enquiry	ɪnˈkwaɪərɪ	询问
enter	ˈentə(r)	进入
enterprise	ˈentəpraɪz	公司，企，事业单位
entertainment	entəˈteɪnmənt	娱乐
enthusiastic	ɪnθjuːzɪˈæstɪk	热情的，热心的
entire	ɪnˈtaɪə(r)	整个的，全部的
entrance	ˈentrəns	入口；入场；进入的权利;入学许可
entry	ˈentrɪ	进入
envelope	ˈenvələʊp	信封
environment	ɪnˈvaɪərənmənt	环境
envy	ˈenvɪ	& n. 忌妒； 羡慕
equal	ˈiːkw(ə)l	平等的 vt.等于，使等于
equality	iːˈkwɔlətɪ	平等
equip	ɪˈkwɪp	提供设备；装备；配备
equipment	ɪˈkwɪpmənt	装备，设备
eraser	ɪˈreɪzə(r)	橡皮擦；黑板擦
error	ˈerə(r)	错误；差错
erupt	ɪˈrʌpt	（火山）爆发，喷发
escape	ɪˈskeɪp	& vi. 逃跑；逃脱
especially	ɪˈspeʃəlɪ	特别，尤其
essay	ˈeseɪ	散文；文章；随笔
europe	ˈjʊərəp	欧洲
european	jʊərəˈpiːən	欧洲的，欧洲人的 n. 欧洲人
evaluate	ɪˈvæljʊeɪt	估值，评价，评估
even	ˈiːv(ə)n	甚至，连（…都）；更
evening	ˈiːvnɪŋ	傍晚，晚上
event	ɪ'vent	事件，大事
eventually	ɪˈventjʊəlɪ	最终地
ever	ˈevə(r)	曾经；无论何时
every	ˈevrɪ	每一，每个的
everybody		everybody pron. 每人，人人
everyday	ˈevrɪbɔdɪ	每日的；日常的
everyone	ˈevrɪwʌn	每人，人人
everything	ˈevrɪθɪŋ	每件事，事事
everywhere	ˈevrɪweə(r)	到处
evidence	ˈevɪdəns	证据，证明
evident	ˈevɪdənt	清楚的，显而易见的
evolution	evəˈluːʃ(ə)n	进化，演变
exact	ɪɡˈzækt	精确的；确切的
exactly	ex'act·ly	精确地；确切地
exam	ɪɡzæmɪˈneɪʃ(ə)n	考试，测试；检查；审查
examine	ɪɡˈzæmɪn	检查；诊察
example	ɪɡˈzɑːmp(ə)l; (US) ɪɡˈzæmpl	例子；榜样
excellent	ˈeksələnt	极好的，优秀的
except	ɪkˈsept	除……之外
exchange	ɪksˈtʃeɪndʒ	交换，掉换；交流
excite	ɪkˈsaɪt	使兴奋，使激动
excuse	ɪkˈskjuːz	借口.辩解 vt.原谅.宽恕
exercise	ˈeksəsaɪz	锻炼，做操；练习，习题 vi. 锻炼
exhibition	eksɪˈbɪʃ(ə)n	展览；展览会
exist	ɪg'zɪst	存在
existence	ɪɡˈzɪst(ə)ns	存在；生存；存在物
exit	ˈeksɪt	出口，太平门
expand	ɪkˈspænd	扩大，增加，扩展
expect	ɪkˈspekt	预料；盼望；认为
expectation	ekspekˈteɪʃ(ə)n	预料；期望
expense	ɪkˈspens	消费； 支出
expensive	ɪkˈspensɪv	昂贵的
experience	ɪkˈspɪərɪəns	经验；经历
experiment	ɪkˈsperɪmənt	实验
expert	ˈekspɜːt	专家，能手
explain	ɪksˈpleɪn	解释，说明
explanation	ekspləˈneɪʃ(ə)n	解释，说明
explicit	ɪkˈsplɪsɪt	清楚明白,易于理解的
explode	ɪkˈspləʊd	（使）爆炸
exploit		exploit vt.开采.开发.利用.剥削
explore	ɪkˈsplɔː(r)	探险
explorer	ɪkˈsplɔːrə(r)	探险者
export	ɪkˈspɔːt	&v.出口，输出
expose	ekspəˈzeɪ	揭露
express	ɪkˈspres	表达；表示；表情 n. 快车，特快专递
expression	ɪkˈspreʃ(ə)n	表达；词句；表示，说法；表情
extension	ɪkˈstenʃ(ə)n	扩大，延伸
extra	ˈekstrə	额外的，外加的
extraordinary	ɪkˈstrɔːdənerɪ	离奇的；使人惊奇的
extreme	ɪkˈstriːm	极其的，非常的
extremely	ɪkˈstriːmlɪ	极其，非常
eye	aɪ	眼睛
eyesight	ˈaɪsaɪt	视力；视觉
eyewitness	ˈaɪwɪtnɪs	目击证人
f	ef	女(的)；雌(的)； 英尺
face	feɪs	脸 vt. 面向；面对
facial	ˈfeɪʃ(ə)l	面部用的
fact	fækt	事实，现实
factory		factory n. 工厂
fade	feɪd	褪色，（颜色）消退
fail	feɪl	失败；不及格；衰退
failure	ˈfeɪljə(r)	失败
fair	feə(r)	公平的，合理的 a. (肤色)白皙的； （人）白肤金发的 n. 集市；庙会；展览会
fairly	ˈfeəlɪ	公正地，正当地；相当（程度）地
fairness	'fɛənis	公平；公正
faith	feɪθ	信仰；信念
fall	fɔːl	（美）秋季
false	fɔːls	不正确的；假的
familiar	fəˈmɪlɪə(r)	熟悉的
family	ˈfæmɪlɪ	家庭；家族；子女
famous	ˈfeɪməs	著名的
fan	fæn	（电影、运动等的）迷；热心的爱好者（支持者） n. 风扇
fancy	ˈfænsɪ	花式；装饰的；奇特的
fantastic		fantastic a. (口语)极好的，美妙的，很棒的
fantasy	ˈfæntəsɪ	n 幻想，梦想
far	fɑː(r)	(farther, farthest 或further , furthest) a.& ad. 远的；远地
fare	feə(r)	（车或船的）费用，票（价）
farm	fɑːm	农场；农庄
farmer	ˈfɑːmə(r)	农民
fast	fɑːst; (US) fæst	快的，迅速的；紧密的 ad. 快地，迅速地；紧密地
fasten	fæsn	扎牢；扣住
fat	fæt	脂肪 a. 胖的；肥的
father	ˈfɑːðə(r)	父亲
fault	fɔːlt	缺点，毛病
favor	'feivə	恩惠；好意；帮助
favorite	'feivərit	喜爱的 n. 特别喜爱的人（或物）
fax	fæks	传真
fear	fɪə(r)	害怕；恐惧； 担忧
feast	fiːst	盛宴，宴会，（宗教的）节日
feather	ˈfeðə(r)	羽毛
february	'februəri	2月
federa	ˈfedər(ə)l	l a.中央的（政府）联邦的
fee	fiː	费，费用
feed	fiːd	喂（养）；饲（养）
feel	fiːl	& link 感觉，觉得；摸，触
feeling	ˈfiːlɪŋ	感情；感觉
fellow	ˈfeləʊ	同伴；伙伴
female	ˈfiːmeɪl	女的；女性的；雌性的
fence	fens	栅栏；围栏；篱笆
ferry	ˈferɪ	渡船
festival	ˈfestɪvəl	节日的，喜庆的
fetch	fetʃ	（去）取（物）来，（去）带（人）来
fever	ˈfiːvə(r)	发烧；发热
few	fjuː	不多；少数 不多的；少数的
fibre	'faibə	(美fiber) n. 纤维质
fiction	ˈfɪkʃ(ə)n	小说，虚构的事
field	fiːld	田地；牧场；场地
fierce	ˈfɪəs	猛烈的
fifteen	fɪfˈtiːn	十五
fifth	fɪfθ	第五
fifty	ˈfɪftɪ	五十
fight	faɪt	打仗（架），争论
fighter	ˈfaɪtə(r)	战士；斗士
figure	ˈfɪgjər	数字；数目；图；图形；（人的）身型；人物；（绘画、雕刻）人物像 vt.（美口语）认为，判断.（在心里）想像，描绘
file	faɪl	公文柜；档案(计算机)文档
fill	fɪl	填空，装满
film	fɪlm	电影；影片；胶卷vt. 拍摄，把……拍成电影
final	ˈfaɪn(ə)l	最后的；终极的
finance	ˈfaɪnæns	资金，财政，财务
find	faɪnd	(found, found) vt. 找到，发现，感到
fine	faɪn	细的；晴朗的；美好的；（身体）健康的 n.& v. 罚款
finger	ˈfɪŋɡə(r)	手指
fingernail	ˈfɪŋɡəneɪl	指甲
finish	ˈfɪnɪʃ	结束；做完
fire	ˈfaɪə(r)	火；火炉；火灾 vi. 开火，开（枪，炮等），射击
firefighter		firefighter n. 消防人员
fireplace	ˈfaɪəpleɪs	壁炉
firewood	'fairwud	木柴
firework	ˈfaɪəwɜːk	焰火
firm	fɜːm	公司;企业 a.坚固的,坚定的
firmly	ˈfɜːmlɪ	牢牢地
first	fɜːst	第一 a.& ad. 第一；首次；最初 n. 开始；开端
fish	fɪʃ	鱼；鱼肉 vi. 钓鱼；捕鱼
fisherman	ˈfɪʃəmən	渔民；钓鱼健身者
fist	fɪst	拳(头)
fit	fɪt	健康的, 适合的 v. （使）适合，安装
fitting	ˈfɪtɪŋ-rʊm	试衣间
five	faɪv	五
fix	fɪks	修理；安装；确定，决定
flag	flæɡ	旗；标志；旗舰
flame	fleɪm	火焰，光辉
flaming	ˈfleɪmɪŋ	火红的；火焰般的
flash	flæʃ	闪；闪光； 转瞬间
flashlight	flæʃ	手电
flat	flæt	平的 n. 楼中一套房间； 公寓(常用复数)
flee	fliː	(fled, fled) v. 逃走；逃跑
flesh	fleʃ	肉
flexible	'fleksəbl	灵活的，可变动的
flight	flaɪt	航班 n. 楼梯的一段
float	fləʊt	漂浮，浮动
flood	flʌd	洪水 vt. 淹没，使泛滥
floor	flɔː(r)	地面，地板.（楼房的）层
flour	ˈflaʊə(r)	面粉，粉
flow	fləʊ	流动
flower	ˈflaʊə(r)	花
flu	fluː	流行性感冒
fluency	'fluənsi	（外语）流利，流畅
fluent	ˈfluːənt	（外语）流利的，流畅
fly	ˈfluːənt	飞行；苍蝇
focus	ˈfəʊkəs	&n.集中（注意力，精力）于，焦点，中心点
fog	fɔɡ	雾
foggy	ˈfɔɡɪ	多雾的
fold	fəʊld	折叠；合拢
folk	fəʊk	民间的
follow	ˈfɔləʊ	跟随；仿效；跟得上
following	ˈfɔləʊwɪŋ	接着的；以下的
fond	fɔnd	喜爱的，爱好的
food	fɔnd	食物，食品
fool	fuːl	傻子，蠢人
foolish	ˈfuːlɪʃ	愚蠢的，傻的
foot	fʊt	足，脚；英尺
football	ˈfʊtbɔːl	（英式）足球；（美式）橄榄球
for	fə(r), fɔː(r)	为了…；向…，往…；与…交换；防备…；适合…；因为…；在…期 间；对于…；对…来说 conj. 因为，由于
forbid	fəˈbɪd	(forbade, forbidden) vt. 禁止，不许
force	fɔːs	强迫，迫使
forecast	ˈfɔːkɑːst; (US) ˈfɔrkæst	& vt. 预告
forehead	ˈfɔrɪd; (US) ˈfɔːrɪd	前额
foreign	ˈfɔrən; (US) ˈfɔːrɪn	外国的
foreigner	ˈfɔrənə(r)	外国人
foresee	fɔːˈsiː	(foresaw, foreseen) vt.预见.预知
forest	ˈfɔrɪst; (US) ˈfɔːrɪst	森林
forever	fəˈrevə(r)	永远；永恒的
forget	fəˈrevə(r)	(forgot, forgotten) v. 忘记；忘掉
forgetful	fəˈɡetfʊl	健忘的，不留心的
forgive	fəˈɡɪv	(forgave, forgiven) vt. 原谅，宽恕
fork	fɔːk	叉，餐叉
form	fɔːm	表格；形式；结构
format	ˈfɔːmæt	安排，计划，设计
former	ˈfɔːmə(r)	以前的，从前的；（两者之中的）前者
fortnight	ˈfɔːtnaɪt	十四日，两星期
fortunate	ˈfɔːtʃənət	幸运的； 侥幸的
fortune	ˈfɔːtjuːn, ˈfɔːtʃuːn	财产；运气
forty	ˈfɔːtɪ	四十
forward	ˈfɔːwəd	将来.今后.向前，前进
found	faʊnd	成立，建立
founding	'faundiŋ	成立，建立
fountain	ˈfaʊntn	喷泉
four	fɔː(r)	四
fourteen	ˈfɔːˈtiːn	十四
fourth	ˈfɔːˈtiːn	第四
fox	fɔks	狐狸
fragile	ˈfrædʒl	易碎的，易损的
fragrant	ˈfreɪɡrənt	香的，芳香的
framework	ˈfreɪmwɜːk	（建筑物）框架，结构
franc	fræŋk	法郎
france	fræns	法国
free	friː	自由，空闲的；免费的
freedom	ˈfriːdəm	自由
freeway	ˈfriːweɪ	高速公路
freeze	friːz	(froze, frozen) vi. 结冰
freezing	'fri:ziŋ	冻结的；极冷的
french	frentʃ	法语 a法国的；法国人的；法语的
frenchman	ˈfrentʃmən	(复 Frenchmen) n. 法国人（男）
frequent	ˈfriːkwənt	经常的；频繁的
fresh	freʃ	新鲜的
friction	ˈfrɪkʃ(ə)n	摩擦
friday	ˈfraɪdɪ	星期五
fridge	rɪˈfrɪdʒəreɪtə(r)	冰箱
fried	fraid	油煎的
friend	frend	朋友
friendly	ˈfrendlɪ	友好的
friendship	ˈfrendʃɪp	友谊，友情
fright	fraɪt	惊恐；恐吓
frighten	ˈfraɪt(ə)n	使惊恐，吓唬
frog	frɔɡ; (US) frɔːɡ	青蛙
from	frəm, frɔm	从；从…起.距.来自
front	frʌnt	前面的；前部的 n. 前面；前部；前线
frontier	frʌnˈtɪər	前沿 ，边界；前线
frost	frɔst; (US) frɔːst	霜
fruit	fruːt	水果；果实
fry	fraɪ	用油煎；用油炸
fuel	fjuːəl	燃料
full	fʊl	满的，充满的；完全的
fun	fʌn	有趣的事，娱乐，玩笑
function	'fʌŋkʃən	&v. 作用,功能,运转
fundamental	fʌndəˈment(ə)l	十分重大的，根本的
funeral	ˈfjuːˈnər(ə)l	葬礼
funny	ˈfʌnɪ	有趣的，滑稽可笑的
fur	fɜː(r)	毛皮；皮子
furnished	'fə:niʃt	配备了家具的
furniture	ˈfɜːnɪtʃə(r)	（总称）家具
future	ˈfjuːtʃə(r)	将来
gain	ɡeɪn	赢得；挣得
gale	ɡeɪl	强风（约每小时60英里）
gallery	ˈɡælərɪ	画廊；美术品陈列室
gallon	ˈɡælən	加仑
game	ɡeɪm	游戏；运动；比赛
garage	ɡəˈrɑːʒ	汽车间（库）
garbage	ˈɡɑːbɪdʒ	垃圾
garden	ˈɡɑːd(ə)n	花园，果园，菜园
gardening	ˈɡɑːdnɪŋ	园艺学
garlic	ˈɡɑːlɪk	大蒜
garment	ˈɡɑːmənt	（一件）衣服
gas	ɡæs	煤气
gate	ɡeɪt	大门
gather	ˈɡæðə(r)	聚集；采集
gay	ɡeɪ	（男）同性恋的；快活的，愉快的
general	ˈdʒenər(ə)l	大体，笼统的，总的
generation	dʒenəˈreɪʃ(ə)n	代，一代
generous	ˈdʒenərəs	慷慨大方的
gentle	ˈdʒent(ə)l	温柔的，轻轻的
gentleman	ˈdʒent(ə)lmən	绅士，先生；有身份、有教养的人
geography	dʒɪˈɔɡrəfɪ	地理学
geometry	dʒɪ'ɑmɪtrɪ	几何学
german	ˈdʒɜːmən	德国的，德国人的，德语的 n. 德国人，德语
germany	ˈdʒɜːmənɪ	* n. 德国
gesture	ˈdʒestʃə(r)	姿势，手势
get	ɡet	成为；得到；具有；到达
get-together	ɡet-təˈɡeðə(r)	聚会
gift	ɡɪft	赠品；礼物
gifted	ˈɡɪftɪd	有天赋的；有才华的
giraffe	dʒəˈræf	长颈鹿
girl	ɡɜːl	女孩
give	ɡɪv	给,递给,付出,给予
glad	ɡlæd	高兴的；乐意的
glance	glɑːns	匆匆一看；一瞥
glare	ɡleə(r)	瞪眼,怒目而视,闪耀
glass	ɡlɑːs; (US) ɡlæs	玻璃杯,玻璃；(复)眼镜
glasshouse	ˈɡlɑːshaʊs	温室，暖房
globe	ɡləʊb	地球仪,地球
glory	ˈɡlɔːrɪ	巨大的光荣; 荣誉;赞美
glove	ɡlʌv	手套
glue	ɡluː	胶水
go	ɡəʊ	去；走；驶；通到；到达 n. 尝试（做某事）
goal	ɡəʊl	（足球）球门，目标
goat	ɡəʊt	山羊
god	ɡɔd	神，（大写）上帝
gold	ɡəʊld	黄金 a 金的，黄金的
golden	ˈɡəʊld(ə)n	金(黄)色的
goldfish	ˈɡəʊldfɪʃ	金鱼
golf	ɡɔlf	高尔夫球
good	ɡʊd	好；良好
good-bye	ɡʊd- baɪ	再见；再会
goodness	ˈɡʊdnɪs	善良，美德
goods	ɡʊd	商品，货物
goose	ɡuːs	鹅
govern	ˈɡʌv(ə)n	统治；管理
government	ˈɡʌvənmənt	政府
gown	ɡaʊn	礼服，长外衣，睡衣
grade	ɡreɪd	等级；（中小学的）学年；成绩，分数
gradually	ˈɡrædjʊəlɪ	逐渐地
graduate	ˈɡrædjʊət	毕业
graduation	ɡrædjʊˈeɪʃ(ə)n	毕业，毕业典礼
grain	ɡreɪn	谷物，谷类
gram	ɡræm	克(重量单位)
grammar	ˈɡræmə(r)	语法
grand	ɡrænd	宏伟的
grandchild	'græntʃaɪld	(外)孙或孙女.孙辈 granddaughter
grandma	ˈɡrænmɑː, ˈɡrændmɑː	奶奶；外婆
grandpa	ˈɡrænpɑː, ˈɡrændpɑː	爷爷,外公
grandparents	ˈɡrændpeərənt	祖父母.外祖父母
grandson	ˈɡrændsʌn	（外）孙子
granny	ˈɡrænɪ	老奶奶；祖母；外婆
grape	ɡreɪp	葡萄
graph	ɡræf	图表，曲线图
grasp	ɡræsp	抓住；紧握
grass	ɡræs	草；草场；牧草
grateful	ˈɡreɪtfʊl	感激的，感谢的
gravity	ˈɡrævɪtɪ	重力，地球引力
great	ɡreɪt	伟大的,重要的,好极了 ad. （口语）好极了，很好
greece	ɡriːs	* n. 希腊
greedy	ˈɡriːdɪ	贪婪的
greek	ɡriːk	&n. 希腊的，希腊人的，希腊语的 ; 希腊人，希腊语
green	ɡriːn	绿色的；青的 n. 绿色
greengrocer	ˈɡriːnɡrəʊsə(r)	（英）蔬菜水果商
greet	ɡriːt	问候；向……致敬
greeting	ˈɡriːtɪŋ	祝贺
grey	ɡreɪ	灰色的； 灰白的
grill	ɡrɪl	（烧食物的）烤架
grocer	ˈɡrəʊsə(r)	零售商人；食品店
ground	ɡraʊnd	地面
group	ɡruːp	组，群
grow	ɡrəʊ	生长；发育；种植；变成
growth	ɡrəʊθ	生长，增长
gruel	ɡrʊəl	粥
guarantee	ɡærənˈtiː	保证，担保
guard	ɡɑːd	防护装置，警戒
guess	ɡes	猜
guest	ɡest	客人，宾客
guidance	ˈɡaɪdəns	引导，指导
guide	ɡaɪd	向导，导游者
guilty	ˈɡɪltɪ	有罪,犯法的,做错事的
guitar	ɡɪˈtɑː(r)	吉他，六弦琴
gun	ɡʌn	枪，炮
gym	dʒɪm	体操；体育馆；健身房
gymnastics	dʒɪmˈnæstɪks	体操
ha	hɑː	哈(笑声)
habit	ˈhæbɪt	习惯，习性
hair	heə(r)	头发
haircut	ˈheəkʌt	（男子）理发
half	hɑːf; (US) hæf	& n. 半，一半，半个
hall	hɔːl	大厅,会堂,礼堂;过道
ham	hæm	火腿
hamburger	ˈhæmbɜːɡə(r)	汉堡包
hammer	'hæmə(r)	锤子，锣锤
hand	hænd	手；指针 v. 递；给；交付 交上；交进
handbag	ˈhændbæɡ	女用皮包，手提包
handful	ˈhændfʊl	(一)把；少数，少量
handkerchief	ˈhæŋkətʃɪf	手帕
handle	ˈhænd(ə)l	柄，把柄 v. 处理
handsome	ˈhænsəm	英俊的
handtruck	'hændtrʌk	手推运货车
handwriting	ˈhændraɪtɪŋ	书法
handy	ˈhændɪ	便利的，顺手的
hang		hang(hanged,hanged) v. 处（人）绞刑；上吊
happen	ˈhæpən	（偶然）发生
happily	'hæpɪlɪ	幸福地，快乐地
happiness	ˈhæpɪnɪs	幸福，愉快
happy	ˈhæpɪ	幸福；快乐的，高兴的
harbour	'hɑ:bə	港口
hard	hɑːd	努力地；使劲；猛烈地 a.硬的；困难的；艰难的
hardly	ˈhɑːdlɪ	几乎不
hardship	ˈhɑːdʃɪp	困难
hardworking	'ha:d'wə:kiŋ	努力工作的
harm	hɑːm	&v. 伤害；损伤
harmful	ˈhɑːmfʊl	有害的；致伤的
harmless	ˈhɑːmlɪs	无害的;不致伤的
harmony	ˈhɑːmənɪ	融洽，和睦
harvest	ˈhɑːvɪst	& vt. 收割，收获（物）
hat	hæt	帽子(一般指有边的)；礼帽
hatch	hætʃ	（鸟、鸡）孵蛋
hate	heɪt	& n. 恨，讨厌
have	hæv	有；吃；喝；进行；经受
hawk	hɔːk	鹰
hay	heɪ	作饲料用的干草
he	heɪ	他
head	hed	头；头脑(像)；才智；首脑；源头；标题 a. 头部的；主要的；首席的 v. 率领；加标题；用头顶；出发；(船等)驶向
headache	ˈhedeɪk	头疼
headline	ˈhedlaɪn	（报刊的）大字标题
headmaster	hedˈmɑːstə(r)	（英）中小学校长
headmistress	'hed'mistrɪs	女校长
headteacher		headteacher n. 中小学班主任
health	helθ	健康，卫生
healthy	ˈhelθɪ	健康的，健壮的
heap	hiːp	堆 v. 堆起来
hear	hɪə(r)	听见；听说,得知
hearing	ˈhɪərɪŋ	听力
heart	hɑːt	心.心脏, 纸牌中的红桃
heat	hiːt	热 vt. 把……加热
heaven	ˈhev(ə)n	天，天空
heavily	ˈhevɪlɪ	重地，大量地
heavy	ˈhevɪ	重的
heel	hiːl	脚后跟
height	haɪt	高，高度
helicopter	ˈhelɪkɔptə(r)	直升飞机
hello	həˈləʊ	喂；你好（表示打招呼，问候或唤起注意）
helmet	'helmɪt	头盔
help	help	& vt. 帮助，帮忙
helpful	ˈhelpfʊl	有帮助的，有益的
hen	hen	母鸡
her	hɜː(r)	她(宾格),她的
herb	hɜːb; (US) ɜːrb	草药
here	hɪə(r)	这里，在这里；向这里
hero	ˈhɪərəʊ	英雄，勇士，男主角
heroine	ˈherəʊɪn	女英雄，女主角
hers	hɜːz	她的
herself	hɜːˈself	她自己
hey	heɪ	嘿！
hi	haɪ	你好（表示打招呼、问候或唤起注 意）
hibernate	ˈhaɪbəneɪt	冬眠
hibernation	haɪbə(r)'neɪʃn	冬眠
hide	haɪd	把…藏起来，隐藏
high	haɪ	高的;高度的 ad. 高地
highway	ˈhaɪweɪ	公路,主要交通道路
hill	hɪl	小山;丘陵;土堆;斜坡
hillside	ˈhɪlsaɪd	（小山）山腰，山坡
hilly	ˈhɪlɪ	丘陵的； 多小山的
him	hɪm	他（宾格）
himself	hɪmˈself	他自己
hire	ˈhaɪə(r)	租用
his	hɪz	他的
history	ˈhɪstərɪ	历史，历史学
hit	hɪt	& vt. 打,撞,击中
hive	haɪv	蜂房；蜂箱
hobby	ˈhɔbɪ	业余爱好，嗜好
hold	həʊld	拿；抱；握住；举行；进行
hole	həʊl	洞，坑
holiday	ˈhɔlɪdɪ	假日；假期
holy	ˈhəʊlɪ	神圣的
home	həʊm	家 ad. 到家；回家
homeland	ˈhəʊmlænd	祖国
hometown	ˈhəʊmtaʊn	故乡
homework	ˈhəʊmwɜːk	家庭作业
honest	ˈɔnɪst	诚实的，正直的
honey	ˈɔnɪst	蜂蜜
hong	hɔŋ kɔŋ	* n. 香港
honour	'ɔnə	荣誉，光荣 vt. 尊敬，给予荣誉
hook	hʊk	& v. 钩子；衔接，连接
hooray	hʊˈreɪ	好哇！（欢呼声）
hope	həʊp	& v. 希望
hopeful	ˈhəʊpfʊl	有希望的；有前途的
hopeless		hopeless a.没有希望,不可救药的
horrible	ˈhɔrɪb(ə)l	令人恐惧；恐怖的
horse	hɔːs	马
hospital	ˈhɔspɪt(ə)l	医院
host	həʊst	主人；节目主持人 v. 做主人招待
hostess	ˈhəʊstɪs	女主人
hot	hɔt,hɑt	热的
hotel	həʊˈtel	旅馆，饭店，宾馆
hour	ˈaʊə(r)	小时
house	haʊs	房子；住宅
housewife	ˈhaʊswaɪf	家庭主妇
housework	ˈhaʊswɜːk	家务劳动
how	haʊ	怎样,如何；多少；多么
however	haʊˈevə(r)	可是 conj. 然而，可是，尽管如此
howl	haʊl	嚎叫，嚎哭 hug /hʌɡ/ v. 拥抱
huge	hjuːdʒ	巨大的，庞大的
human	ˈhjuːmən	人的，人类的
humorous	ˈhjuːmərəs	富于幽默的
humour	'hju:mə	幽默,幽默感
hundred	ˈhʌndrəd	百
hunger	ˈhʌŋɡə(r)	饥饿
hungry	ˈhʌŋɡrɪ	（饥）饿的
hunt	hʌnt	寻找；狩猎，猎取
hunter	ˈhʌntə(r)	猎人
hurricane	ˈhʌrɪkən	飓风，十二级风
hurry	ˈhʌrɪ	赶快；急忙
hurt	hɜːt	伤害，受伤；伤人感情
husband	ˈhʌzbənd	丈夫
hydrogen	ˈhaɪdrədʒ(ə)n	氢
i	aɪ	我
ice	aɪs	冰
ice--cream	aɪs- kriːm	冰淇淋
iceland	ˈaɪslənd	* n. 冰岛
idea	aɪˈdɪə	主意,意见,打算,想法
identification	aɪdentɪfɪˈkeɪʃ(ə)n	鉴定，辨别
identity	aɪˈdentɪtɪ	身份，特征
idiom	ˈɪdɪəm	习语，成语
if	ɪf	如果,假使,是否,是不是
ignore	ɪɡˈnɔː(r)	忽视，对…不理会
ill	ɪl	有病的；不健康的
illegal	ɪˈliːɡ(ə)l	非法的
illness	ˈɪlnɪs	疾病
imagine	ɪˈmædʒɪn	想像，设想
immediate	ɪˈmiːdɪət	立即的，马上
immediately	ɪˈmiːdɪətlɪ	立即
immigration	ɪmɪ'greɪʃn	移民
import	ɪmˈpɔːt	& n. 进口，输入
importance	ɪmˈpɔːt(ə)ns	重要性
important	ɪmˈpɔːtənt	重要的
impossible	ɪmˈpɔsɪb(ə)l	不可能的
impress	ɪmˈpres	留下极深的印象
impression	ɪmˈpreʃ(ə)n	印象，感觉
improve	ɪmˈpruːv	改进，更新
in	ɪn	在…里(内)；在…；以… ad. 在家，在内，向内
inch	ɪntʃ	英寸
incident	ˈɪnsɪd(ə)nt	事件
include	ɪnˈkluːd	包含，包括
income	ˈɪnkʌm	收入，所得
incorrect	ɪnkəˈrekt	不正确的，错误的
increase	ɪnˈkriːs	& n. 增加，繁殖
indeed	ɪnˈdiːd	确实；实在
independence	ɪndɪˈpendəns	独立
independent	ɪndɪˈpendənt	独立的,有主见的
india	ˈɪndɪə	* n. 印度
indian	ˈɪndɪən	（美洲）印地安人的； 印度人的 n. 印地安人；印度人
indicate	'ɪndɪkeɪt	表明，象征，暗示
industry	ˈɪndəstrɪ	工业，产业
influence	ˈɪnflʊəns	& v. 影响
inform	ɪnˈfɔːm	告诉； 通知
information	ɪnfəˈmeɪʃ(ə)n	信息
initial	ɪˈnɪʃ(ə)l	开始的，最初的
injure	ˈɪndʒə(r)	损害，伤害
injury	ˈɪndʒərɪ	受伤处
ink	ɪŋk	墨水，油墨
inland	ˈɪnlənd, ˈɪnlænd	内陆的；内地的
inn	ɪn	小旅店；小饭店
innocent	ˈɪnəsənt	无辜的，清白的
insect	ˈɪnsekt	昆虫
insert	ɪnˈsɜːt	插入
inside	ɪnˈsaɪd	在…里面 ad.在里面
insist	ɪnˈsɪst	坚持；坚决认为
inspect	ɪnˈspekt	检查；检验；审视
inspire	ɪnˈspaɪə(r)	鼓舞； 激励
instant	ˈɪnst(ə)nt	瞬间；刹那
instead	ɪnˈsted	代替，顶替
institute	ˈɪnstɪtjuːt; (US) ˈɪnstətuːt	(研究)所, 院，学院
institution	ɪnstɪˈtjuːʃ(ə)n; (US) ɪnstəˈtuːʃn	(慈善、宗教等性质的)公共机构； 学校
instruct	ɪnˈstrʌkt	通知；指示；教
instruction	ɪnˈstrʌkʃ(ə)n	说明,须知;教导
instrument	ˈɪnstrʊmənt	乐器;工具,器械
insurance	ɪnˈʃʊərəns	保险
insure	ɪnˈʃʊə(r)	给……保险
intelligence	ɪnˈtelɪdʒəns	智力,才智,智慧
intend	ɪnˈtend	想要，打算
intention	ɪnˈtenʃ(ə)n	打算,计划,意图
interest	ˈɪntrəst	兴趣，趣味;利息
interesting	ˈɪntrətɪŋ	有趣的
international	ɪntəˈnæʃən(ə)l	国际的
internet	ˈɪntənet	互联网，英特网
interpreter	ɪnˈtɜːprɪtə(r)	翻译
interrupt	ɪntəˈrʌpt	打扰，打断
interval	ˈɪntəv(ə)l	间歇；间隔
interview	ˈɪntəvjuː	& vt.采访,会见,面试
into	ˈɪntʊ, ˈɪntə	到…里;向内；变成
introduce	ɪntrəˈdjuːs; (US) -duːs	介绍
introduction	ɪntrəˈdʌkʃ(ə)n	引进，介绍
invent	ɪnˈvent	发明，创造
invention	ɪnˈvenʃ(ə)n	发明，创造
inventor	ɪnˈventə(r)	发明者，创造者
invitation	ɪnvɪˈteɪʃ(ə)n	邀请，请帖
invite	ɪnˈvaɪt	邀请，招待
ireland	ˈaɪələnd	* n. 爱尔兰
irish	ˈaɪərɪʃ	爱尔兰的，爱尔兰人的
iron	ˈaɪən; (US) ˈaɪərn	铁，熨斗 vt. 熨烫
irrigate	ˈɪrɪɡeɪt	灌溉
irrigation	ɪrɪˈɡeɪʃ(ə)n	灌溉
island	ˈaɪlənd	岛
it	ɪt	它
italian	ɪˈtæljən	意大利(人)的；意大利语的 n. 意大利人；意大利语
italy	ˈɪtəlɪ	* n. 意大利
its	ɪts	它的
itself	ɪtˈself	它自己
jacket	ˈdʒækɪt	短上衣，夹克衫
jam	dʒæm	果酱；阻塞
january	ˈdʒænjʊərɪ; (US) ˈdʒænjʊerɪ	1月
japan	dʒæˈpæn	* n. 日本
japanese	dʒæpəˈniːz	日本的，日本人的，日语的 n. 日本人，日语
jar	dʒɑː(r)	罐子；坛子
jaw	dʒɔː	下巴
jazz	dʒæz	爵士音乐，爵士舞曲
jeans	dʒiːns	牛仔裤
jeep	dʒiːp	吉普车
jet	dʒet	喷气式飞机；喷射（器）
jewel	ˈdʒuːəl	宝石
jewelry	ˈdʒuːəlrɪ	（总称）珠宝
job	dʒɔb	（一份）工作
jog	dʒɔɡ	慢跑
join	dʒɔɪn	参加,加入;连接;会合
joke	dʒəʊk	笑话
journalist	ˈdʒɜːnəlɪzt	记者，新闻工作者
journey	ˈdʒɜːnɪ	旅行，路程
joy	dʒɔɪ	欢乐，高兴，乐趣
judge	dʒʌdʒ	裁判；审判员；法官vt. 判断，断定
judgement	'dʒʌdʒmənt	裁判
juice	dʒuːs	汁、液
juicy	dʒuːsɪ	多汁的；水分多的
july	dʒʊˈlaɪ	7月
jump	dʒʌmp	跳跃；跳变 v. 跳跃；惊起；猛扑
june	dʒuːn	6月
jungle	ˈdʒʌŋɡ(ə)l	丛林，密林
junior	ˈdʒuːnɪə(r)	初级的；年少的
junk	dʒʌŋk	（口语）废品，破烂货
just	dʒʌst	刚才；恰好；不过；仅 a. 公正的
justice	ˈdʒʌstɪs	正义；公正；司法
kangaroo	kæŋɡəˈruː	大袋鼠
keep	kiːp	保持；保存；继续不断 vt. 培育，饲养
keeper	ˈkiːpə(r)	（动物园中的）饲养员，看守人
kettle	ˈket(ə)l	(烧水用的)水壶
key	kiː	钥匙;答案;键;关键
keyboard	kiːbɔːd	键盘
kick	kɪk	& n. 踢
kid	kɪd	小孩
kill	kɪl	杀死，弄死
kilo	ˈkiːləʊ	千克；千米
kilogram	ˈkɪləɡræm	千克
kilometre	'kiləʊmi:tə(r)	千米（公里）
kind	kaɪnd	种;类 a. 善良,友好的
kind-hearted	kaɪnd- 'hɑ:tid	好心的
kindergarten	kɪndəˈɡɑːt(ə)n	幼儿园
kindness	ˈkaɪndnɪs	仁慈；善良
king	kɪŋ	国王
kingdom	ˈkɪŋdəm	王国
kiss	kɪs	& vt. 吻，亲吻
kitchen	ˈkɪtʃɪn	厨房
kite	kaɪt	风筝
knee	niː	膝盖
knife	naɪf	(复 knives) n.小刀;匕首;刀片
knock	nɔk	& v. 敲；打；击
know	nəʊ	知道，了解；认识；懂得
knowledge	ˈnɔlɪdʒ	知识，学问
lab	ˈnɔlɪdʒ	= laboratory n. 实验室
labour	ˈleɪbə(r)	劳动
labourer	'leibərə	体力劳动者
lack	læk	& vt. 缺乏，缺少
ladder	ˈlædə(r)	r n. 梯子
lady	ˈleɪdɪ	女士，夫人
lake	leɪk	湖
lamb	læm	羔羊
lame	leɪm	跛的，瘸的，残废的
lamp	læmp	灯，油灯；光源
land	lænd	陆地,土地v.登岸(陆)降落
language	ˈlæŋɡwɪdʒ	语言
lantern	ˈlæntən	灯笼；提灯
lap	læp	(人坐时)膝部.(跑道的)一圈
large	lɑːdʒ	大的；巨大的
laser	ˈleɪzə(r)	激光
last	lɑːst; (US) læst	最近刚过去;最后的ad.最近刚过去;最后地 n.最后v.持续
late	leɪt	晚的,迟的ad.晚地,迟地
lately	ˈleɪtlɪ	最近，不久前
later	ˈleɪtə(r)	晚些的，迟些的
latest	ˈleɪtɪst	最近，最新的；最晚的
latter	ˈlætə(r)	（两者之中的）后者
laugh	lɑːf	& v. 笑，大笑；嘲笑
laughter	ˈlɑːftə(r); (US) ˈlæftər	笑； 笑声
laundry	ˈlɔːndrɪ	洗衣店;要洗的衣服
lavatory	ˈlævətrɪ; (US) ˈlævətɔːrɪ	便所，厕所
law	lɔː	法律，法令；定律
lawyer	ˈlɔːjə(r), ˈlɔɪə(r)	律师
lay	leɪ	放，搁
lazy	ˈleɪzɪ	懒惰的
lead	liːd	领导，带领 n. 铅
leader	ˈliːdə(r)	领袖，领导人
leading	ˈliːdɪŋ	最主要的，第一位的
leaf	liːf	（树，菜）叶
league	liːɡ	联盟，社团
leak	liːk	漏； 渗
learn	lɜːn	学，学习，学会
learned	ˈlɜːnɪd	有才华的；博学的
least	liːst	最少，最少量
leather	ˈleðə(r)	皮革
leave	liːv	离开;把…留下，剩下
lecture	ˈlektʃə(r)	讲课，演讲
left	left	左边的 ad.向左 n.左,左边
left-handed	left-'hændid	惯用左手的
left-wing	left-wɪŋ	左翼的
leftover	'leftˌəuvə	剩余,剩下的n.剩饭菜
leg	leɡ	腿；腿脚；支柱
legal	ˈliːɡ(ə)l	与法律有关的，法律的
lemon	ˈlemən	柠檬 a. 柠檬色(味)的
lemonade	leməˈneɪd	柠檬水
lend	lend	借(出),把…借给
length	leŋθ	长，长度，段，节
less	les	& ad. 少于,小于
lesson	ˈles(ə)n	课；功课；教训
let	let	让
letter	ˈletə(r)	信；字母
letter-box	ˈletə(r)- bɔks	信箱
level	ˈlev(ə)l	水平线，水平
liberate	ˈlɪbəreɪt	解放，使获自由
liberation	lɪbəˈreɪʃ(ə)n	解放
liberty	ˈlɪbətɪ	自由
librarian	laɪˈbreərɪən	图书管理员；（西方的）图书馆馆长
library	ˈlaɪbrerɪ	图书馆，图书室
license	ˈlaɪsəns	执照，许可证
lid	lɪd	盖子
lie	laɪ	躺;卧;平放;位于n.& vi. 谎言; 说谎
life	laɪf	生命；生涯；生活；人生；生物
lifetime	ˈlaɪftaɪm	一生，终生
lift	lɪft	举起，抬起；（云、烟等）消散 n. （英）电梯
light	laɪt	光，光亮；灯，灯光 vt. 点（火），点燃 a. 明亮的；轻的；浅色的
lightning	ˈlaɪtnɪŋ	闪电
like	laɪk	像，跟…一样 vt. 喜欢，喜爱
likely	ˈlaɪklɪ	很可能的
limit	ˈlɪmɪt	限制；减少
line	laɪn	绳索，线，排，
link	lɪŋk	连接； 联系
lion	ˈlaɪən	狮子
lip	lɪp	嘴唇
liquid	ˈlɪkwɪd	& a. 液体；液体的
list	lɪst	一览表，清单
listen	ˈlɪs(ə)n	听,仔细听
literary	ˈlɪtərərɪ; (US) ˈlɪtərerɪ	文学的
literature	ˈlɪtərətʃə(r); (US) ˈlɪtrətʃʊər	文学
litre	liːtə(r)	升； 公升
litter	ˈlɪtə(r)	乱丢杂物
little	ˈlɪt(ə)l	小的,少的 ad. 很少地, 稍许 n.没有多少,一点
live	lɪv	生活;居住;活着 a. 活的,活着的;实况,现场（直播）的
lively	ˈlaɪvlɪ	活泼的;充满生气的
living	ˈlɪvɪŋ	活着的 n. 生计
load	ləʊd	担子，货物
loaf	ləʊf	一个面包
local	ˈləʊk(ə)l	当地的；地方的
lock	lɔk	锁 vt. 锁，锁上
locust	ˈləʊkəst	蝗虫
london	ˈlʌnd(ə)n	伦敦
lonely	ˈləʊnlɪ	孤独的，寂寞的
long	lɔŋ; (US) lɔːŋ	长的，远 ad. 长久
look	lʊk	看，瞧 v. 看，观看 v. 看起来
loose	luːs	松散的； 宽松的
lorry	ˈlɔrɪ; (US) ˈlɔːrɪ	（英）运货汽车，卡车
lose	luːz	失去，丢失
loss	lɔs; (US) lɔːs	丧失；损耗
lost	lɔst; (US) lɔːst	失物招领处
lot	lɔt	许多，好些
loud	laʊd	大声的
loudly	laʊdlɪ	大声地
loudspeaker	laʊdˈspiːkə(r)	扬声器，喇叭
lounge	laʊndʒ	休息厅；休息室
love	lʌv	& vt. 爱；热爱;很喜欢
lovely	ˈlʌvlɪ	美好的，可爱的
low	ləʊ	& ad. 低；矮
luck	lʌk	运气，好运
lucky	ˈlʌkɪ	运气好，侥幸
luggage	ˈlʌɡɪdʒ	(总称)行李
lunch	lʌntʃ	午餐，午饭
lung	lʌŋ	肺；肺脏
machine	məˈʃiːn	机器
mad		mad a. 发疯的；生气的
madam	ˈmædəm	夫人,女士
magazine	mæɡəˈziːn	杂志
magic	ˈmædʒɪk	有魔力的
maid	meɪd	女仆；侍女
mail	meɪl	邮政,邮递 v. (美)邮寄
mailbox	'meɪlbɒks	邮筒；邮箱
main	meɪn	主要的
mainland	ˈmeɪnlənd	大陆
major	ˈmeɪdʒə(r)	较大的；主要的
majority	məˈdʒɔrɪtɪ	大多数
make	meɪk	制造,做;使得 n. 样式；制造
male	meɪl	男（性）的；雄的
man	mæn	成年男人;人类
man-made	mæn- meɪd	人造的，人工的
manage	ˈmænɪdʒ	管理；设法对付
manager	ˈmænɪdʒə(r)	经理
mankind	mænˈkaɪnd	人类;（总称）人
manner	ˈmænə(r)	方式，态度，举止
many	ˈmenɪ	许多人（或物）a. 许多的
map	mæp	地图
maple	ˈmeɪp(ə)l	枫树
marathon	ˈmærəθ(ə)n	马拉松
marble	ˈmɑːb(ə)l	大理石；玻璃弹子
march	mɑːtʃ	游行，行进
mark	mɑːk	标记 vt.标明,作记号于
market	ˈmɑːkɪt	市场，集市
marriage	ˈmærɪdʒ	结婚，婚姻
married	ˈmærɪd	已婚的
marry	ˈmærɪ	（使）成婚，结婚
mask	mɑːsk; (US) mæsk	口罩；面罩(具)；遮盖物 v. 戴面具；掩饰；伪装
mass	mæs	众多;大量;（复）群众
master	ˈmɑːstə(r); (US) ˈmæstər	精通，掌握
mat	mæt	垫子
match	mætʃ	使相配，使成对 n. 比赛，竞赛 n. 火柴
material	məˈtɪərɪəl	材料，原料
mathematics	mæθəˈmætɪks	（常作单数用）数学, (英美口语) 数学
matter	ˈmætə(r)	要紧事，要紧, 事情；问题 vi. 要紧，有重大关系
mature	məˈtjʊə(r); (US) məˈtʊər	成熟的
maximum	ˈmæksɪməm	& n. 最大量(的)； 最大限度(的)
may	meɪ ˈməʊd(ə)l	可以;也许,可能
maybe	ˈmeɪbiː	可能，大概，也许
me	miː, mɪ	我（宾格）
meal	miːl	一餐（饭）
mean	miːn	意思,意指
meaning	ˈmiːnɪŋ	意思，含意
means	miːnz	方法，手段；财产
meanwhile	ˈmiːnwaɪl; (US) ˈmɪnhwaɪl	同时
measure	ˈmeʒə(r)	量
meat	miːt	（猪、牛、羊等的）肉
medal	ˈmed(ə)l	奖牌
media	ˈmiːdɪə	大众传播媒介
medical	ˈmedɪk(ə)l	医学的，医疗的
medicine	ˈmeds(ə)n; (US) ˈmedɪsn	药
medium	ˈmiːdɪəm	媒体,中间的,中等的
meet	miːt	vt&n. 遇见，见到 会；集会
meeting	ˈmiːtɪŋ	会,集会,会见,汇合点
melon	ˈmelən	（甜）瓜；瓜状物
member	ˈmembə(r)	成员，会员
memorial	mɪˈmɔːrɪəl	纪念馆
memorize	ˈmeməraɪz	记忆
memory	ˈmemərɪ	回忆，记忆
mend	mend	修理，修补
mental	ˈment(ə)l	精神的；脑力的
mentally	ˈmentəlɪ	精神上；智力上
mention	ˈmenʃ(ə)n	提及；记载 vt. 提到，说起；提名表扬
menu	ˈmenʃ(ə)n	菜单
merchant	ˈmɜːtʃənt	商业的；商人的 n. 商人；生意人
merciful	ˈmɜːsɪfʊl	仁慈的；宽大的
mercy	ˈmɜːsɪ	怜悯
merely	ˈmɪəlɪ	仅仅，只不过
merry	ˈmerɪ	高兴的，愉快的
mess	mes	凌乱
message	ˈmesɪdʒ	消息，音信
messy	ˈmesɪ	乱七八糟的
metal	ˈmet(ə)l	金属 a.金属制成的
method	ˈmeθəd	方法，办法
metre	'mi:tə	米，公尺
mexican	ˈmeksɪkən	墨西哥的
mexico	ˈmeksɪkəʊ	* n. 墨西哥
microcomputer	ˈmaɪkrəʊkəmpjuːtə(r)	微机
microscope	ˈmaɪkrəskəʊp	显微镜
microwave	ˈmaɪkrəʊweɪv	微波
mid-autumn	mɪd- ˈɔːtəm	中秋
midday	ˈmɪddeɪ	中午, 正午
middle	ˈmɪd(ə)l	中间;当中;中级的
midnight	ˈmɪdnaɪt	午夜
might	maɪt	aux. (may的过去式，助动词) 可能，也许，或许
mild	maɪld	温和,暖和的,凉爽的
mile	maɪl	英里
milk	mɪlk	牛奶 vt. 挤奶
million	ˈmɪlɪən	百万 n. 百万个（人或物）
millionaire	mɪljəˈneə(r)	百万富翁
mind	maɪnd	思想,想法 v.介意,关心
mine	maɪn	矿藏,矿山vt.开采(矿物) pron. 我的
mineral	ˈmɪnər(ə)l	矿物质，矿物
minibus	ˈmɪnɪbʌs	小型公共汽车
minimum	ˈmɪnɪməm	最小的
miniskirt	ˈmɪnɪskɜːt	超短裙
minister	ˈmɪnɪstə(r)	部长；牧师
ministry	ˈmɪnɪstrɪ	（政府的）部
minority	maɪˈnɔrɪtɪ; (US) -ˈnɔːr-	少数；少数民族
minus	ˈmaɪnəs	& a.负的，减去的
minute	ˈmɪnɪt	分钟;一会儿，瞬间
mirror	ˈmɪrə(r)	镜子
miss	mɪs	失去，错过，缺
missile	ˈmɪsaɪl	n 导弹
mist	mɪst	雾
mistake	mɪsˈteɪk	错误 vt. 弄错
mistaken	mɪsˈteɪkən	错误的
misunderstand	mɪsʌndəˈstænd	误会；不理解
mix	mɪks	混合，搅拌
mixture	ˈmɪkstʃə(r)	混合物
mm	'miliˌmi:tə(r)	毫米
mobile	ˈməʊbaɪl; (US) məʊbl	活动的，可移动的
model	ˈmɔd(ə)l	模型,原形,范例,模范
modem	ˈməʊdem	调制解调器
modern	ˈmɔd(ə)n	现代的
modest	ˈmɔdɪst	谦虚的；谦逊的
mom	mɒm	妈妈
moment	ˈməʊmənt	片刻，瞬间
mommy	ˈmɔmɪ	妈妈（美）
monday	ˈmʌndeɪ, ˈmʌndɪ	星期一
money	ˈmʌnɪ	钱；货币
monitor	ˈmɔnɪtə(r)	（班级内的）班长；纠察生；监视器
monkey	ˈmʌŋkɪ	猴子
month	mʌnθ	月，月份
monument	ˈmɔnjʊmənt	纪念碑，纪念物
moon	muːn	月球；月光；月状物
mop	mɔp	&v. 拖把 拖地
moral	ˈmɔr(ə)l; (US) ˈmɔːrəl	道德的 n.寓意,道德启示
more	mɔː(r)	a&ad.另外的；附加的；较多的再；另外；而且；更 n. 更多的量；另外的一些
morning	ˈmɔːnɪŋ	早晨，上午
moscow	ˈmɔskəʊ	莫斯科
moslem	ˈmɔzləm	伊斯兰教徒,回教徒
mosquito	məˈskiːtəʊ	蚊子
most	məʊst; (US) mɔːst	& ad.最多 n.大部分,大多数
mother	ˈmʌðə(r)	母亲
motherland	ˈmʌðəlænd	祖国
motivation	məʊtɪ'veɪʃn	（做事的）动机
motor	ˈməʊtə(r)	发动机，马达
motorbike	ˈməʊtəbaɪk	摩托车
motorcycle	'məʊtəsaikl	摩托车
motto	ˈmɔtəʊ	箴言，格言
mountain	ˈmaʊntɪn(z)	山，山脉
mountainous	ˈmaʊntɪnəs	多山的
mourn	mɔːn	哀痛； 哀悼
mouse	maʊs	鼠，耗子；（计算机）鼠标
moustache	məs'tɑ:ʃ	小胡子
mouth	maʊθ	嘴，口
mouthful	ˈmaʊθfʊl	满口，一口
move	muːv	移动，搬动，搬家
movement	ˈmuːvmənt	运动，活动
movie	ˈmuːvɪ	（口语）电影
mr	ˈmɪstə(r)	先生（用于姓名前）
mrs	ˈmɪsɪz	夫人, 太太（称呼已婚妇女）
ms	mɪz	女士(用在婚姻状况不明的女子姓名前)
much	mʌtʃ	许多的，大量的 ad. 非常；更加 n. 许多，大量，非常
mud	mʌd	泥, 泥浆
muddy	ˈmʌdɪ	泥泞的
multiply	ˈmʌltɪplaɪ	乘；使相乘
murder	ˈmɜːdə(r)	谋杀
museum	mjuːˈzɪəm	博物馆，博物院
mushroom	ˈmʌʃrʊm	蘑菇
music	ˈmjuːzɪk	音乐，乐曲
musical	ˈmjuːzɪk(ə)l	音乐的，爱好音乐的 n. 音乐片
musician	mjuːˈzɪʃ(ə)n	音乐家，乐师
must	mʌst ˈməʊd(ə)l	必须,应当;必定是
mustard	ˈmʌstəd	芥末，芥子粉
mutton	ˈmʌt(ə)n	羊肉
my	maɪ	我的
myself	maɪˈself	我自己
nail	neɪl	钉，钉子
name	neɪm	名字,姓名,名称 vt. 命名,名叫
narrow	ˈnærəʊ	狭窄的
nation	ˈneɪʃ(ə)n	民族，国家
national	ˈnæʃən(ə)l	国家的,全国性的，民族的
nationality	næʃəˈnælətɪ	国籍
nationwide	ˈneɪʃ(ə)nwaɪd	全国范围内的,全国性的
native	ˈneɪtɪv	本土的，本国的
natural	ˈnætʃər(ə)l	自然的
nature	ˈneɪtʃə(r)	自然, 性质，种类
navy	ˈneɪvɪ	海军
near	nɪə(r)	近的 ad. 附近，邻近 prep. 在……附近，靠近
nearby	ˈnɪəbaɪ	附近的
nearly	ˈnɪəlɪ	将近，几乎
neat	niːt	整洁的；灵巧的
necessary	ˈnesəsərɪ; (US) ˈnesəserɪ	必需的，必要的
neck	nek	颈，脖子
necklace	ˈneklɪs	项链
necktie	ˈnektaɪ	领带，领花
need	niːd	需要,需求aux.& v.需要,必须
needle	niːd(ə)l	针
negotiate	nɪˈɡəʊʃɪeɪt	谈判，协商
neighbour	ˈneɪbə(r)	邻居，邻人
neighbourhood	'neibəhud	四邻；邻近地区
neither	ˈnaɪðə(r), ˈniːðə(r)	（两者）都不;也不
nephew	ˈnefjuː, ˈnevjuː	侄子，外甥
nervous	ˈnɜːvəs	紧张不安的
nest	nest	巢；窝
net	net	网
network	ˈnetwɜːk	网络，网状系统
never	ˈnevə(r)	决不，从来没有
new	njuː; (US) nuː	新的；新鲜的
news	njuːz; (US) nuːz	新闻，消息
newspaper	njuːz; (US) nuːz	报纸
next	nekst	最近的，紧挨着的，隔壁的；下一次 ad. 随后，然后，下一步 n. 下一个人（东西）
nice	naɪs	令人愉快;好的漂亮的
niece	niːs	侄女，甥女
night	naɪt	夜；夜间
night-club	naɪt-klʌb	夜总会
nine	naɪn	九
nineteen	naɪnˈtiːn	十九
ninety	ˈnaɪntɪ	九十
ninth	naɪnθ	第九
no	nəʊ	不,不是 a.没有,无,不 No.(缩) =
noble	ˈnəʊb(ə)l	高贵的，贵族的
nobody	ˈnəʊbədɪ	渺小人物 pron. 没有人，谁也不
nod	nɔd	点头
noise	nɔɪz	声音，噪声，喧闹声
noisily	'nɔɪzɪlɪ	喧闹地
noisy	ˈnɔɪzɪ	喧闹的，嘈杂的
non-stop	nʌn-stɔp	& ad.不停的,不断地
non-violent	nɔn-ˈvaɪələnt	非暴力的
none	nʌn	无任何东西, 无一人
noodle	ˈnuːd(ə)l	面条
noon	nuːn	中午，正午
nor	nɔː(r)	也不
normal	ˈnɔːm(ə)l	& a. 正常的（状态）
north	nɔːθ	北的;朝北的;从北来的 ad.向（在,从）北方 n.北;北方;北部
northeast	nɒ:θ'i:st	东北（部）
northern	ˈnɔːð(ə)n	北方的，北部的
northwards	ˈnɔːθwədz	向北
northwest	nɒ:θ'west	西北
nose	nəʊz	鼻
not	nɔt	不，没
note	nəʊt	便条，笔记，注释；钞票，纸币；音符，音调 vt. 记下，记录；注意，留意
notebook	ˈnəʊtbʊk	笔记簿
nothing	ˈnʌθɪŋ	没有东西,没有什么 adv.一点也不；并不
notice	ˈnəʊtɪs	布告，通告；注意 vt. 注意，注意到
novel	ˈnɔv(ə)l	（长篇）小说
novelist	ˈnɔvəlɪst	小说家
november	nəʊˈvembə(r)	11月
now	naʊ	现在
nowadays	ˈnaʊədeɪz	当今，现在
nowhere	ˈnəʊweə(r); (US) ˈnəʊhweər	任何地方都不,无处
nuclear	ˈnjuːklɪə(r)	原子核的，原子能的，核动力的
numb	nʌm	麻木的，失去知觉的，迟钝的
number	ˈnʌmbə(r)	数字;号码
nurse	nɜːs	护士；保育员
nursery	ˈnɜːsərɪ	托儿所
nursing	nɜːsɪŋ	(职业性的）保育,护理
nut	nʌt	坚果,果仁(胡桃,栗子等)
nutrition	njuːˈtrɪʃ(ə)n	营养，滋养
nylon	ˈnaɪlɔn	尼龙
obey	əʊˈbeɪ	服从，顺从，听从
object	ˈɔbdʒɪkt	物，物体；宾语
observe	əbˈzɜːv	观察，监视，观测
obtain	əbˈteɪn	获得；得到
obvious	ˈɔbvɪəs	显然
occupation	ɔkjʊˈpeɪʃ(ə)n	职业，工作
occur	əˈkɜː(r)	发生
ocean	ˈəʊʃ(ə)n	海洋
oceania	əˈklɔk	点钟
october	ɔkˈtəʊbə(r)	10月
of	ɔv, əv; (US) ɔːf	(表所属,数量,) ….的
off	ˈɔf; (US) ɔːf	离开,脱离,（走）开 ad/æd/.离开；（电自来水）停了,中断
offence	of·fence || ə'fens	违法行为，犯罪
offer	ˈɔfə(r); (US) ɔːfər	& vt. 提供；建议
office	ˈɔfɪs; (US) ˈɔːfɪs	办公室
officer	ˈɔfɪsə(r); (US) ˈɔːfɪsər	军官;公务员,官员；警察，警官
official	əˈfɪʃ(ə)l; (US) ˈɔːf-	（公司、团体或政府）官员 ,高级职员 a.官方,政府的
offshore	ˈɔfʃɔː(r); (US) ˈɔːf-	近海的
often	ˈɔf(ə)n; (US) ˈɔːfn	经常，常常
oh	əʊ	哦！啊！ oil /ɔɪl/n. 油
oilfield	ˈɔɪlfiːld	油田 OK/əʊˈkeɪ/ ad. （口语）好,对,不错
old	əʊld	老的，旧的 Olympic(s) /əˈlɪmpɪk/ a. & n. 奥林匹克
olympic	əˈlɪmpɪk ɡeɪms	奥运会
omelette	ˈɔmlɪt	煎蛋卷；煎蛋饼
on	ɔn	在…上（时），关于 ad. （穿，放…）上；接通；进行下 去；（电灯）开
once	wʌns	& ad. 一次,一度,从前 conj. 一旦
one	wʌn	一（个，只…）(pl. ones) num. 一
oneself	wʌnˈself	自己；自身
onion	ˈʌnjən	洋葱；洋葱头
only	ˈəʊnlɪ	惟一的，仅有的 ad. 仅仅，只，才
onto	ˈɔntʊ	到…的上面
open	ˈəʊpən	开着的,开的 vt.开,打开
opener	ˈəʊpənə(r)	开具，启子
opening	ˈəʊpənɪŋ	开放，口子
opera	ˈɔpərə	歌剧
operate	ˈɔpəreɪt	做手术，运转；实施，负责, 经营，管理
operation	ɔpəˈreɪʃ(ə)n	手术，操作
operator	ˈɔpəreɪtə(r)	接线员
opinion	əˈpɪnjən	看法，见解
oppose	əˈpəʊz	反对；反抗
opposite	ˈɔpəzɪt	相反，
optimistic	ɔptɪˈmɪstɪk	乐观的
optional	ˈɔpʃən(ə)l	可选择的，选修的
or	ə(r), ɔː(r)	或；就是；否则
oral	ˈɔːrəl	口述的，口头上的
orange	ˈɔrɪndʒ; (US) ˈɔːr-	橘子，橙子，橘汁 a. 橘色的，橙色的
orbit	ˈɔːbɪt	（天体等的）运行轨道
order	ˈɔːdə(r)	顺序
ordinary	ˈɔːdɪnərɪ; (US) ˈɔːrdənerɪ	普通的，平常的
organ	ˈɔːɡən	（人，动物）器官
organise	'ɔ:gənaiz	组织
organiser	'ɔ:gənaizə	组织者
organization	ɔːɡənaɪˈzeɪʃ(ə)n	组织，机构
origin	ˈɔrɪdʒɪn	起源，由来
other	ˈʌðə(r)	别人，别的东西 a. 别的,另外的
otherwise	ˈʌðəwaɪz	要不然,否则,另样
ottawa	ˈɔtəwə	渥太华
ouch	aʊtʃ	int（突然受痛时叫声）哎哟
ought	ɔːt	& aux.应该，应当
our	ˈaʊə(r)	我们的
ours	ˈaʊəz	我们的
ourselves	aʊəˈselvz	我们自己
out	aʊt	出外;在外,向外;熄
outcome	ˈaʊtkʌm	结果，效果
outdoors	aʊtˈdɔːz	在户外, 在野外
outer	ˈaʊtə(r)	外部的，外面的
outgoing	ˈaʊtɡəʊɪŋ	爱交际的,外向的
outing	ˈaʊtɪŋ	郊游，远足
outline	ˈaʊtlaɪn	概述，略述
output	ˈaʊtpʊt	产量，输出量
outside	aʊtˈsaɪd	外面 ad. 在外面；向外面 prep. 在…外面
outspoken	aʊtˈspəʊkən	直率，坦诚
outstanding	aʊtˈstændɪŋ	优秀的，杰出的
outward	ˈaʊtwəd	向外的，外出的
oval	ˈəʊv(ə)l	& adj.椭圆；椭圆形的
over	ˈəʊvə(r)	在…上方,越过,遍及 ad. 翻倒,遍布,越过,结束
overcoat	ˈəʊvəkəʊt	大衣
overcome	əʊvəˈkʌm	克服，解决
overhead	əʊvəˈhed	在头顶上;架空的
overlook	əʊvəˈlʊk	忽略,不予理会
overweight	əʊvəˈweɪt	太胖的,超重的
owe	əʊ	欠（债等）
own	əʊn	自己的 v. 拥有,所有
owner	ˈəʊnə(r)	物主，所有人
ownership	ˈəʊnəʃɪp	所有制
ox	ɔks	牛；公牛
oxygen	ˈɔksɪdʒ(ə)n	氧；氧气
p	piːiː	体育 P.C.(缩) =personal
pace	peɪs	步子；节奏
pacific	pəˈsɪfɪk	太平洋的
pack	pæk	包,捆;（猎犬、野兽的）一群 v.(为运输或储存而)打包
package	ˈpækɪdʒ	（尤指包装好或密封的容器）一包，一袋，一盒
packet	ˈpækɪt	小包裹，袋
paddle	ˈpæd(ə)l	桨状物，蹼
page	peɪdʒ	页，页码 pain /peɪn/ n. 疼痛，疼
painful	ˈpeɪnfʊl	使痛的，使痛苦的
paint	peɪnt	油漆 vt.油漆,粉刷,绘画
painter	ˈpeɪntə(r)	绘画者,（油）画家
painting	ˈpeɪntɪŋ	油画，水彩画
pair	peə(r)	一双，一对
palace	ˈpælɪs	宫，宫殿
pale	peɪl	苍白的，灰白的
pan	pæn	平底锅
pancake	ˈpænkeɪk	薄煎饼
panda	ˈpændə	熊猫
panic	ˈpænɪk	a&v.惊慌,恐慌,惶恐不安
paper	ˈpeɪpə(r)	纸；报纸
paperwork	ˈpeɪpəwɜːk	日常文书工作
paragraph	ˈpærəɡrɑːf; (US) ˈpærəgræf	（文章的）段落
parallel		parallel n. 极其相似的人,纬线
parcel	ˈpɑːs(ə)l	包裹
pardon	ˈpɑːd(ə)n	原谅,宽恕,对不起
parent	ˈpeərənt	父(母)，双亲
paris	ˈpærɪs	巴黎
park	ˈpærɪs	公园
parking	ˈpɑːkɪŋ	停车
parrot	ˈpærət	鹦鹉
part	pɑːt	部分；成分；角色；部件；零件 a. 局部的；部分的 v. 分离；分开；分割
part-time	pɑːt -taɪm	& ad. 兼职的； 部分时间的（地）
participate	pɑːˈtɪsɪpeɪt	参加，参与
particular	pəˈtɪkjʊlə(r)	特殊的，个别的
partly	ˈpɑːtlɪ	部分地,在一定程度上
partner	ˈpɑːtnə(r)	搭档，合作者
party	ˈpɑːtɪ	聚会，晚会；党派
pass	pæs	传，递；经过；通过
passage	ˈpæsɪdʒ	（文章等的）一节，一段；通道；走廊
passenger	ˈpæsɪndʒə(r)	乘客，旅客
passer-by	'pɑ:sə-baɪ	过客，过路人
passive	ˈpæsɪv	被动的
passport	ˈpɑːspɔːt; (US) ˈpæ-	护照
past	pɑːst; (US) pæst	过 n.过去，昔日，往事 prep. 过…，走过某处
patent	ˈpeɪt(ə)nt; (US) ˈpætnt	专利权，专利证书
path	pɑːθ; (US) pæθ	小道，小径
patience		patience n. 容忍；耐心
patient	ˈpeɪʃ(ə)nt	病人
pattern	ˈpæt(ə)n	式样
pause	pɔːz	& vi. 中止，暂停；停止
pay	peɪ	(paid, paid) v. 付钱，给…报酬 n. 工资
pea	piː	豌豆
peace	piːs	和平
peaceful	ˈpiːsfʊl	和平的，安宁的
peach	piːtʃ	桃子
pear	peə(r)	梨子，梨树
peasant	ˈpezənt	农民；佃农
pedestrian	pɪˈdestrɪən	步行者，行人
pen	pen	钢笔，笔
pen-friend	pen- friend	笔友
pencil	ˈpens(ə)l	铅笔
pencil-	ˈpens(ə)l-ˈʃɑːpənə(r)	转笔刀
pencil-box	ˈpens(ə)l -bɔks	铅笔盒
penny	ˈpenɪ	(英复pence) n. （英）便士；美分
pension	ˈpenʃ(ə)n	养老金
people	ˈpiːp(ə)l	人，人们；人民
pepper	ˈpepə(r)	胡椒粉
per	pə(r)	每，每一
percent	pəˈsent	百分之……
percentage	pəˈsentədʒ	百分率
perfect	kwestʃəˈneə(r)	完美的，极好的
perform	pəˈfɔːm	表演，履行；行动
performance	pəˈfɔːm	演出，表演
performer	pəˈfɔːmə(r)	表演者，执行者
perfume	ˈpɜːfjuːm	香水
perhaps	pəˈhæps	可能，或
period	ˈpɪərɪəd	时期，时代
permanent	ˈpɜːmənənt	永久的，永恒的
permission	pəˈmɪʃ(ə)n	允许,许可,同意
permit	pəˈmɪt	许可,允许;执照 n.许可证
person	ˈpɜːs(ə)n	人
personal	ˈpɜːsən(ə)l	个人的，私人的
personally	ˈpɜːsənəlɪ	就自己而言
personnel	pɜːsəˈnel	全体人员，职员
persuade	ˈpɜːsənəlɪ	说服，劝说
pest	pest	害虫
pet	pet	宠物，爱畜
petrol	ˈpetr(ə)l	石油
phenomenon	fɪˈnɔmɪnən; (US) -nɔn-	现象
phone	fəʊn	打电话 n. 电话，电话机
phone-booth	fəʊn-buːð	公用电话间
photo	ˈfəʊtəʊ	照片
photograph	ˈfəʊtəɡrɑːf; (US) -ɡræf	照片
photographer	fəˈtɔɡrəfə(r)	摄影师
phrase	freɪz	短语；习惯用语
physical	ˈfɪzɪk(ə)l	身体的；物理的
physician	fɪˈzɪʃ(ə)n	(有行医执照的)医生
physicist	ˈfɪzɪsɪst	物理学家
physics	ˈfɪzɪks	物理（学）
pianist	ˈfɪzɪks	钢琴家
piano	pɪˈænəʊ	钢琴
pick	pɪk	拾起，采集；挑选
picnic	ˈpɪknɪk	& v. 野餐
picture	ˈpɪktʃə(r)	图片，画片，照片
pie	paɪ	甜馅饼
piece	paɪ	一块（片，张，件…）
pig	paɪ	猪
pile	paɪ	堆
pill	pɪl	药丸，药片
pillow	pɪl	枕头
pilot	ˈpaɪlət	飞行
pin	pɪn	别针 v. 别住, 钉住
pine	paɪn	松树
pineapple	ˈpaɪnæp(ə)l	菠萝
ping-pong	pɪŋ-pɔɡ	乒乓球
pinkp		pinkpɔɡ a. 粉红色的
pint	paɪnt	（液量单位）品脱
pioneer	paɪəˈnɪə(r)	先锋，开拓者
pipe	paɪp	管子，输送管
pity	ˈpɪtɪ	怜悯，同情
place	pleɪs	地方，处所 v. 放置，安置，安排
plain	pleɪn	家常的； 普通的
plan	plæn	& v. 计划，打算
plane	pleɪn	飞机
planet	ˈplænɪt	行星
plant	plɑːnt; (US) ˈplænt	种植，播种 n. 植物
plastic	ˈplæstɪk	塑料的
plate	pleɪt	板；片；牌；盘子；盆子
platform	ˈplætfɔːm	讲台,(车站的)月台
play	pleɪ	玩；打（球）；游戏；播放 n. 玩耍，戏剧
player	ˈpleɪə(r)	比赛者，选手
playground	ˈpleɪgraʊnd	操场，运动场
playmate	ˈpleɪmeɪt	玩伴
playroom		playroom n. 游戏室
pleasant	ˈplezənt	令人愉快的，舒适的
please	pliːz	请,使人高兴,使人满意
pleased	pliːzd	高兴的
pleasure	pliːzd	高兴，愉快
plenty	pliːzd	充足，大量
plot	plɔt	&n. 故事情节，密谋
plug	plʌɡ	塞子 vt.（用塞子）把…塞住
plus	plʌs	加，加上
pocket	ˈpɔkɪt	（衣服的）口袋
poem	ˈpəʊɪm	诗
poet	ˈpəʊɪt	诗人
point	pɔɪnt	指，指向 n. 点；分数
poison	ˈpɔɪz(ə)n	毒药
poisonous	ˈpɔɪzənəs	有毒的，致命的
pole	pəʊl	杆，电线杆；
police	pəˈliːs	警察，警务人员
policeman	pəˈliːsmən	警察,巡警
policewoman		policewoman ( -women) n.女警察
policy	ˈpɔlɪsɪ	政策，方针，原则
polish	ˈpɔlɪsɪ	擦亮 n.擦光剂,亮光剂
polite	pəˈlaɪt	有礼貌的,有教养的
political	pəˈlɪtɪk(ə)l	政治的
politician	pɔlɪˈtɪʃ(ə)n	政治家
politics	ˈpɔlɪtɪks	政治
pollute	pəˈluːt	污染
pollution	pəˈluːʃ(ə)n	污染
pond	pɔnd	池塘
pool	puːl	水塘，水池
poor	pʊə(r)	贫穷；可怜；不好的,差的
pop	pɔp	(口语) （音乐、艺术等）大众的，通俗的
popcorn	ˈpɔpkɔːn	爆米花
popular	ˈpɔpjʊlə(r)	流行,大众,受欢迎的
population	pɔpjʊˈleɪʃ(ə)n	人口，人数
pork	pɔːk	猪肉
porridge	ˈpɔrɪdʒ; (US) ˈpɔːrɪdʒ	稀饭，粥
port	pɔːt	港口，码头
portable	ˈpɔːtəb(ə)l	手提的，便携式的
porter	ˈpɔːtə(r)	（火车站或旅馆处的）搬运工
position	pəˈzɪʃ(ə)n	位置
possess	pəˈzɪʃ(ə)n	占有；拥有
possession	pəˈzeʃ(ə)n	所有，拥有；财产，所有物
possibility	pɔsɪˈbɪlɪtɪ	可能，可能性
possible	ˈpɔsɪb(ə)l	可能的
possiblyv		possiblyv ad. 可能地，也许
post	pəʊst	邮政，邮寄，邮件 v. 投寄； 邮寄
postage	ˈpəʊstɪdʒ	邮费
postbox	ˈpəʊstbɔks	邮箱
postcard	ˈpəʊstkɑːd	明信片
postcode	ˈpəʊstkəʊd	（英）邮政编码
poster	ˈpəʊstə(r)	(贴在公共场所的大型)招贴；广告(画)
postman	ˈpəʊstmən	邮递员
postpone	pəʊstˈpəʊn	推迟，延期
pot	pɔt	锅，壶，瓶，罐
potato	pəˈteɪtəʊ	土豆，马铃薯
potential	pəˈtenʃ(ə)l	潜在的，可能的
pound	pəˈtenʃ(ə)l	磅；英镑
pour	pɔː(r)	倾泻，不断流出
powder	ˈpaʊdə(r)	粉，粉末
power	ˈpaʊdə(r)	力，动力，电力
powerful	ˈpaʊəfʊl	效力大的，强有力的，强大的
practical	ˈpræktɪk(ə)l	实际的，适用的
practice	ˈpræktɪs	练习
prairie	ˈpreərɪ	大草原
praise	preɪz	& vt.赞扬，表扬
pray	preɪ	祈祷；祈求
prayer	preə(r)	祈祷
precious	ˈpreʃəs	宝贵的, 珍贵的
precise	prɪˈsaɪs	准确,精确的,确切的
predict	prɪˈdɪkt	预言，预告，预报
prefer	prɪˈfɜː(r)	宁愿（选择）,更喜欢
preference	ˈprefərəns	选择，趋向
pregnant	ˈpreɡnənt	怀孕的
prejudice	ˈpredʒʊdɪs	偏见，成见
premier	ˈpremɪə(r); (US) priːˈmɪər	首相，总理
preparation	prepəˈreɪʃ(ə)n	准备
prepare	prɪˈpeə(r)	准备,预备,调制,配制
prescription	prɪˈskrɪpʃ(ə)n	处方，药方
present	ˈprez(ə)nt	出现的，出席的 n. 礼物，赠品 vt. 呈奉，奉送
presentation	prezənˈteɪʃ(ə)n; (US) priːzenˈteʃn	演示，演出
preserve	prezənˈteɪʃ(ə)n; (US) priːzenˈteʃn	保护，保留，保存
president	ˈprezɪdənt	总统；主席
press	ˈprezɪdənt	压,按 n.新闻界,出版社
pressure	ˈpreʃə(r)	压迫,压力,压强
pretend	ˈpreʃə(r)	假装，装作
pretty	ˈprɪtɪ	漂亮的，俊俏的
prevent	prɪˈvent	防止, 预防
preview	ˈpriːvjuː	预习;试演;预展
price	praɪs	价格，价钱
pride	praɪd	自豪，骄傲
primary	ˈpraɪmərɪ	初等的；初级的
primitive	ˈprɪmɪtɪv	原始的，远古的
principle	ˈprɪnsɪp(ə)l	道德原则，法则
print	prɪnt	印刷
printer	ˈprɪntə(r)	打印机
printing	ˈprɪntɪŋ	印刷，印刷术
prison	ˈprɪz(ə)n	监狱
prisoner	ˈprɪznə(r)	囚犯
private	ˈpraɪvɪt	私人的
privilege	ˈprɪvɪlɪdʒ	特权，特殊待遇
prize	praɪz	奖赏，奖品
probable	ˈprɔbəb(ə)l	很可能,很有希望的
probably	ˈprɔbəb(ə)lɪ	很可能，大概
problem	ˈprɔbləm	问题，难题
procedure	prəˈsiːdʒə(r)	程序,手续,待遇
process	ˈprəʊses; (US) ˈprɔses	n&v. 过程,加工,处理
produce	prəˈdjuːs; (US) -ˈduːs	生产；制造
product	ˈprɔdʌkt	产品，制品
production	prəˈdʌkʃ(ə)n	生产；制造
profession	prəˈfeʃ(ə)n	（需要有高等教育学位的）职业（如医生或律师）
professor	prəˈfesə(r)	教授
profit	ˈprɔfɪt	利润，收益
programme		programme (美program) n. 节目；项目
progress	ˈprəʊɡres; (US) ˈprɔɡres	进步,上进vi.进展,进行
prohibit	prəˈhɪbɪt	禁止
project	ˈprɔdʒekt	工程
promise	ˈprɔmɪs	& vi. 答应，允诺
promote	prəˈməʊt	促进,推动,促销,晋升
pronounce	prəˈnaʊns	发音
pronunciation	prənʌnsɪˈeɪʃ(ə)n	发音
proper	ˈprɔpə(r)	恰当的，合适的
properly	ˈprɔpəlɪ	适当地
protect	prəˈtekt	保护
protection	prəˈtekʃ(ə)n	保护
proud	praʊd	自豪的；骄傲的
prove	pruːv	证明
provide	prəˈvaɪd	提供
province	ˈprɔvɪns	省
psychology	saɪˈkɔlədʒɪ	心理学
pub	pʌb	酒店，酒吧
public	ˈpʌblɪk	公共,公众的 n. 公众
publicly	ˈpʌblɪklɪ	当众；公开地
publish	ˈpʌblɪʃ	出版，发行
pull	pʊl	拉，拖 n. 拉力，引力
pulse	pʌls	脉搏，（光、能量、波等的）脉动，搏动
pump	ˈpʌmp	用泵抽水
punctual	ˈpʌŋktjʊəl	准时的
punctuate	ˈpʌŋktjʊeɪt	加标点
punctuation		punctuation n. 标点符号
punish	ˈpʌnɪʃ	惩罚，处罚
punishment	ˈpʌnɪʃmənt	惩罚
pupil	ˈpjuːpɪl	（小）学生
purchase	ˈpɜːtʃəs	购买，采购
pure	pjʊə(r)	纯的, 不掺杂的
purple	ˈpɜːp(ə)l	&a. 紫色
purpose	ˈpɜːpəs	目的，意图
purse	pɜːs	钱包
push	pʊʃ	& v. 推
put	pʊt	放，摆
puzzle	ˈpʌz(ə)l	难题,（字、画）谜
puzzled	ˈpʌz(ə)l	迷惑的，困惑的
pyramid	ˈpɪrəmɪd	角锥形，金字塔
quake	kweɪk	& v. 震动，颤抖
qualification	kwɔlɪfɪˈkeɪʃ(ə)n	资格，学历
quality	ˈkwɔlɪtɪ	质量，性质
quantity	ˈkwɔntətɪ	量，数
quarrel	ˈkwɔrəl; (US) ˈkwɔːrəl	争吵，吵架
quarter	ˈkwɔːtə(r)	四分之一，一刻钟
queen	kwiːn	皇后，女王
question	ˈkwestʃ(ə)n	询问 n. 问题
questionnaire	kwestʃəˈneə(r)	调查表，问卷
queue	kjuː	行列，长队
quick	kwɪk	快；敏捷的；急剧的 ad. 快地；敏捷地；急剧地
quiet	ˈkwaɪət	安静的；寂静的
quilt	kwɪlt	被子；被状物
quit	kwɪt	离任，离校，戒掉
quite	kwaɪt	完全，十分
quiz	kwɪz	测验，小型考试
rabbit	ˈræbɪt	兔，家兔
race	reɪs	种族，民族 v. （速度）竞赛，比赛 n. 赛跑，竞赛
racial	ˈreɪʃ(ə)l	种族的
radiation	reɪdɪˈeɪʃ(ə)n	放射，放射物
radio	reɪdɪəʊ	无线电，收音机
radioactive	reɪdɪəʊˈæktɪv	放射性的
radium	ˈreɪdɪəm	镭
rag	ræɡ	破布，抹布
rail	reɪl	铁路
railway	ˈreɪlweɪ	铁路；铁道
rain	reɪn	雨，雨水 vi. 下雨
rainbow	ˈreɪnbəʊ	虹，彩虹
raincoat	ˈreɪnkəʊt	雨衣
rainfall	ˈreɪnfɔːl	一场雨； 降雨量
rainy	ˈreɪnɪ	下雨的；多雨的
raise	reɪz	使升高； 饲养
random	ˈrændəm	随意,未经事先考虑的
range	reɪndʒ	n&v. 变化，变动，排序
rank	ræŋk	职衔，军衔
rapid	ˈræpɪd	快的，迅速的
rare	reə(r)	罕见的，稀有的
rat	ræt	老鼠
rate	reɪt	n&v. 率，评估，评价
rather	ˈrɑːðə; (US) ˈræðər	相当，宁可
raw	rɔː	生的,未煮过的,未加工的
ray	reɪ	光辉，光线
razor	ˈreɪzə(r)	剃须刀
reach	riːtʃ	到达，伸手(脚)够到
react	riːˈækt	回应，过敏，起物理，化学反应
read	riːd	读；朗读
reading	ʃɜːt	阅读；朗读
ready	ˈredɪ	准备好的
real	riːl	真实的，确实的
realise	ˈrɪəlaɪz	认识到,实现
reality	rɪˈælɪtɪ	现实
really	ˈrɪəlɪ	v&ad. 真正地；到底；确实
reason	ˈriːz(ə)n	评理,劝说n.理由,原因
reasonable	ˈriːzənəb(ə)l	合乎情理的
rebuild	riːˈbɪld	重建
receipt	rɪˈsiːt	收据
receive	rɪˈsiːv	收到，得到
receiver	rɪˈsiːvə(r)	电话听筒
recent	ˈriːsənt	近来的，最近的
reception	rɪˈsepʃ(ə)n	接待
receptionist	rɪˈsepʃənɪst	接待员
recipe	ˈresɪpɪ	烹饪法，食谱
recite	rɪˈsaɪt	背诵
recognize	ˈrekəɡnaɪz	认出
recommend	rekəˈmend	推荐
record	ˈrekərd	记录；唱片
recorder	rɪˈkɔːdə(r)	录音机
recover	rɪˈkʌvə(r)	痊愈；恢复
recreation	rekrɪˈeɪʃ(ə)n	娱乐，消遣
rectangle	ˈrektæŋɡ(ə)l	& a.长方形,长方形的
recycle	riːˈsaɪk(ə)l	回收；再循环
red	red	红色 a.红色的
redirect	riːdaɪˈrekt	使改变，使转移
reduce	rɪˈdjuːs; (US) -ˈduːs	减少，缩减
refer	rɪˈfɜː(r)	谈到,提到,涉及,有关
referee	refəˈriː	裁判，仲裁，调解员
reference	ˈref(ə)rəns	提到,涉及,谈及,查询
reflect	rɪˈflekt	反映，反射
reform	rɪˈfɔːm	v&n. 改革，改进，改良
refresh	rɪˈfreʃ	使恢复精力，提醒
refreshments	rɪˈfreʃmənt	点心，便餐；(会议后的)简单茶点招待
refrigerator	rɪˈfrɪdʒəreɪtə(r)	冰箱
refusal	rɪˈfjuːz(ə)l	拒绝
refuse	rɪˈfjuːz	拒绝，不愿
regard	rɪˈɡɑːd	把……看作
regardless	rɪˈɡɑːdlɪs	不顾，不加理会
regards	rɪˈɡɑːd	问候，致意
register	ˈredʒɪstə(r)	登记簿，花名册，注册员 v. 登记，注册
regret	rɪˈɡret	n&vt.可惜,遗憾;痛惜;哀悼
regular	ˈreɡjʊlə(r)	规则的，经常
regulation	reɡjʊˈleɪʃ(ə)n	规则，规章
reject	rɪˈdʒekt	拒绝
relate	rɪˈleɪt	有关； 涉及
relation	rɪˈleɪʃ(ə)n	关系； 亲属
relationship	rɪˈleɪʃənʃɪp	关系
relative	ˈrelətɪv	亲属，亲戚
relax	rɪˈlæks	（使）放松，轻松
relay	ˈriːleɪ	接力，接替人，中转 v. 接替，补充；转运
relevant		relevant a. 紧密相关,有意义的
reliable	rɪˈlaɪəb(ə)l	可信赖的，可依靠的
relief	rɪˈliːf	轻松,解脱,缓和,救济
religion	rɪˈlɪdʒən	宗教
religious	rɪˈlɪdʒəs	宗教的
rely	rɪˈlaɪ	依赖，依靠
remain	rɪˈmeɪn	余下,留下vi.保持,仍是
remark	rɪˈmɑːk	陈述；话；议论
remember	rɪˈmembə(r)	记得，想起
remind	rɪˈmaɪnd	提醒，使记起
remote	rɪˈməʊt	偏远的，偏僻的
remove	rɪˈmuːv	移动，拿走，脱掉（衣服等）
rent	rent	& v. 租金
repair	rɪˈpeə(r)	& vt. 修理；修补
repairs	rɪˈpeə(r)	修理工作
repeat	rɪˈpiːt	重说，重做
replace	rɪˈpleɪs	取代
reply	rɪˈplaɪ	回答，答复
report	rɪˈpɔːt	& v. 报道，报告
reporter	rɪˈpɔːtə(r)	记者，新闻通讯员
represent	reprɪˈzent	代表
representative	reprɪˈzentətɪv	代表,典型人物
republic	rɪˈpʌblɪk	共和国
reputation	repjʊˈteɪʃ(ə)n	名声，名誉
request	rɪˈkwest	请求，要求的事物
require	rɪˈkwaɪə(r)	需求；要求
requirement	rɪˈkwaɪəmənt	需要； 要求； 必要的条件
rescue	ˈreskjuː	营救，援救
research	rɪˈsɜːtʃ	研究，调查
resemble	rɪˈzemb(ə)l	（不用进行时）像，看起来像
reservation	rezəˈveɪʃ(ə)n	预定
reserve	rɪˈzɜːv	& v. 储备；预定
resign	rɪˈzaɪn	辞职
resist	rɪˈzɪst	抵抗；挡开
respect	rɪˈspekt	& n. 尊敬，尊重
respond	rɪˈspekt	回答,回应,作出反应
responsibility	rɪspɔnsɪˈbɪlɪtɪ	责任，负责
rest	rest	休息；剩余的部分，其余的人（物） vi. 休息，歇息
restaurant	ˈrestərɔnt; (US) ˈrestərənt	饭馆, 饭店
restrict	rɪˈstrɪkt	限制
restriction	rɪˈstrɪkʃ(ə)n	限制，约束
result	rɪˈzʌlt	结果，效果
retell	riːˈtel	重讲，重复，复述
retire	rɪˈtaɪə(r)	退休
return	rɪˈtɜːn	归还
reuse	riːˈjuːz	重新使用；循环使用
review	rɪˈvjuː	重新调查； 回顾； 复习 n. 复查；复习；评论
reviewer	rɪˈvjuːə(r)	评论者；书评家
revision	rɪˈvɪʒ(ə)n	复习，温习
revolution	revəˈluːʃ(ə)n	革命，变革
reward	rɪˈwɔːd	奖赏
rewind	riːˈwaɪnd	回转（磁带等）
rewrite	riːˈraɪt	重写
rhyme	raɪm	n&v. 押韵
rice	raɪs	稻米；米饭
rich	rɪtʃ	富裕的，有钱的
rid	rɪd	使摆脱
riddle	ˈrɪd(ə)l	谜(语)
ride	raɪd	骑（马、自行车）；乘车 n. 乘车旅行
ridiculous	rɪˈdɪkjʊləs	荒谬的，愚蠢的
right	raɪt	权利 a.对,正确的 ad. 正确地,恰恰,完全地 a. 右,右边的
right-handed	raɪt-hænd	惯用右手的
right-wing	raɪt-wɪŋ	右翼
rigid	ˈrɪdʒɪd	死板的,僵硬的,固执的
ring	rɪŋ	（钟、铃等）响；打电话 n. 电话，铃声 n. 环形物（如环、圈、戒指等）
ring-road	rɪŋ-rəʊd	环形公路
ripe	raɪp	成熟的，熟的
ripen	ˈraɪpən	成熟
rise	raɪz	上升，上涨
risk	rɪsk	n&v. 危险，风险，冒险
river	ˈrɪvə(r)	江；河；水道；巨流
road	rəʊd	路，道路
roast	rəʊst	烤（肉）
rob	rɔb	抢夺，抢劫
robot	ˈrəʊbɔt	机器人
rock	rɔk	岩石,大石头vt. 摇,摇晃
rocket		rocket n. 火箭
role	rəʊl	角色
roll	rəʊl	滚动, 打滚 n. 面包圈，小圆面包；卷状物
roller	ˈrəʊlə(r)	滚筒； 辊
roof	ruːf	屋顶，顶部
room	rʊm	房间,室;空间;地方
rooster	ˈruːstə(r)	(美)公鸡
root	ruːt	根，根源，起源
rope	rəʊp	绳，索
rose	rəʊz	玫瑰花
rot	rɔt	烂； 腐败
rough	rʌf	粗糙的，粗略的
round	raʊnd	转过来 prep. 环绕一周，围着 a.圆的；球形的
roundabout	ˈraʊndəbaʊt	& n. 绕道的，不直接的；转盘路
routine	ruːˈtiːn	常规,正常顺序,无聊
row	rəʊ	（一）排,（一）行 v.划船
royal	ˈrɔɪəl	皇家的，王室的，国王的，女王的
rubber	ˈrʌbə(r)	橡胶； 合成橡胶
rubbish	ˈrʌbɪʃ	垃圾； 废物
rude	ruːd	无理的, 粗鲁的
rugby	ˈrʌɡbɪ	（英）橄榄球
ruin	ˈruːɪn	（使）毁坏；（使） 毁灭 n. (复) 废墟；遗迹
rule	ruːl	规则,规定 vt.统治,支配
ruler	ˈruːlə(r)	统治者；直尺
run	rʌn	跑，奔跑；（颜色）褪色
runner	ˈrʌnə(r)	赛跑者；操作者；滑行装置
running	ˈrʌnɪŋ	跑步
rush	rʌʃ	冲，奔跑
russia	ˈrʌʃə	* n. 俄罗斯，俄国
russian	ˈrʌʃ(ə)n	俄国人的，俄语的 n. 俄国人，俄语
sacred	ˈseɪkrɪd	害怕，恐惧，担心
sacrifice	ˈsækrɪfaɪs	牺牲
sad	sæd	（使人）悲伤的
sadness	ˈsædnɪs	悲哀，忧伤
safe	seɪf	安全的 n. 保险柜
safety	ˈseɪftɪ	安全，保险
sail	seɪl	航行 v. 航行，开航
sailing	ˈseɪlɪŋ	航海
sailor	ˈseɪlə(r)	水手，海员
salad	ˈsæləd	色拉（西餐中的一种菜）
salary	ˈsælərɪ	薪金，薪水
sale	seɪl	卖，出售
salesgirl	ˈseɪlzɡɜːl	女售货员
salesman	ˈseɪlzmən	男售货员
saleswoman	seɪlz‚wʊmən	女售货员
salt	sɔːlt, sɔlt	盐
salty	ˈsɔːltɪ, ˈsɔltɪ	盐的，咸的，含盐的
salute	səˈluːt, səˈljuːt	& n. 敬礼
same	seɪm	同样的事a同样的,同一
sand	sænd	沙，沙子
sandwich	ˈsænwɪdʒ	三明治（夹心面包片）
satellite	ˈsætəlaɪt	卫星
satisfaction	sætɪsˈfækʃ(ə)n	满意
satisfy	ˈsætɪsfaɪ	满足，使满意
saturday	ˈsætədeɪ, ˈsætədɪ	星期六
sauce	sɔːs	酱汁； 调味汁
saucer	ˈsɔːsə(r)	茶碟，茶托，小圆盘
sausage	ˈsɔsɪdʒ; (US) ˈsɔːsɪdʒ	香肠，腊肠
savage	ˈsævɪdʒ	野蛮人，未开化的人
save	seɪv	救，挽救，节省
say	seɪ	说，讲
saying	ˈseɪɪŋ	说，俗话，谚语
scan	skæn	略读，浏览，扫描
scar	skɑː(r)	伤疤，伤痕
scare	skeə(r)	使害怕，使恐惧
scarf	skɑːf	领巾，围巾
scene	sɪːn	（戏剧、电影等的）一场，场景，布景
scenery	ˈsiːnərɪ	风景，景色，风光
sceptical	'skeptɪkl	怀疑的
schedule	ˈʃedjuːl; (US) ˈskedʒʊl	工作计划，日程安排v. 安排时间，预定
scholar	ˈskɔlə(r)	学者
scholarship	ˈskɔləʃɪp	奖学金
school	skuːl	学校
school-leaver	skuːl-	(英)学校毕业生
schoolbag	'sku:lbæg	书包
schoolmate	ˈskuːlmeɪt	同校同学
science	ˈsaɪəns	科学，自然科学
scientific	saɪənˈtɪfɪk	科学的
scientist	ˈsaɪəntɪst	科学家
scissors	ˈsɪzəz	剪刀，剪子
scold	skəʊld	责骂
score	skɔː(r)	& v. 得分，分数
scores	skɔː(r) z	许多，很多
scotland	ˈskɔtlənd	* n. 苏格兰
scottish	ˈskɔtɪʃ	苏格兰（人）的 n. 苏格兰人
scratch	krætʃ	v&n. 划破，划痕，划伤
scream	skriːm	尖叫
screen	skriːn	幕，荧光屏
sculpture	ˈskʌlptʃə(r)	雕塑（术），雕刻（术），雕刻作品，雕像
sea	siː	海，海洋
seagull	ˈsiːɡʌl	海鸥
seal	siːl	海豹
seaman	ˈsiːmən	水手； 海员
search	sɜːtʃ	& v. 搜寻，搜查
seashell	ˈsiːʃel	海贝
seaside	ˈsiːsaɪd	海滨
season	ˈsiːz(ə)n	季；季节
seat	siːt	座位，座
seaweed	ˈsiːwiːd	海草,海藻,海带
second	ˈsekənd	秒 num.第二a.第二的
secondhand	'sekənd'hænd	二手货; 旧货
secret	ˈsiːkrɪt	秘密，内情
secretary	ˈsekrətərɪ	秘书；书记
section	ˈsekʃ(ə)n	段，部分，部门
secure	sɪˈkjʊə(r)	安心的,有把握的,牢靠的
security	sɪˈkjʊərɪtɪ	安全，平安
see	siː	看见，看到；领会；拜会
see-saw	siː-sɔː	跷跷板（游戏）
seed	siːd	种子
seek	siːk	试图;探寻
seem	siːm	似乎，好像
seize	siːz	抓住(时机等)
seldom	ˈseldəm	很少，不常
select	sɪˈlekt	选择，挑选，选拔
self	self	自己，自我，自身
self-service	self-ˈsɜːvɪs	自助,自我服务的
selfish	ˈselfɪʃ	自私的
sell	sel	卖，售
semicircle	ˈsemɪsɜːk(ə)l	半圆
send	send	打发，派遣；送，邮寄
senior	ˈsiːnɪə(r)	年长的,资深的,高年级的 n. 上级，长辈，高年级生
sense	sens	感觉，意识
sensitive	ˈsensɪtɪv	体贴的,善解人意的
sentence	ˈsent(ə)ns	句子
separate	ˈsepərət	使分开，使分离a. 单独的，分开的
separately	ˈsepərətlɪ	单独地，各自地
separation	sepəˈreɪʃ(ə)n	分离，隔离
september	səpˈtembə(r)	9月
serious	ˈsɪərɪəs	严肃的,严重的,认真的
servant	ˈsɜːvənt	仆人，佣人
serve	sɜːv	招待（顾客等）,服务
service	ˈsɜːvɪs	服务
service-charge	ˈsɜːvɪs-tʃɑːdʒ	服务费,小费
session	ˈseʃ(ə)n	一场,一节,一段时间
set	set	释放，安置 n. 装备，设备
settle	ˈset(ə)l	安家，定居
settlement	ˈsetəlmənt	新拓居地；（美）部落，村落
settler	ˈsetlə(r)	移居者，开拓者
seven	ˈsev(ə)n	七
seventeen	sevənˈtiːn	十七
seventh	ˈsevənθ	第七
seventy	ˈsevəntɪ	七十
several	ˈsevr(ə)l	几个,数个 a.若干
severe	sɪˈvɪə(r)	极为恶劣,十分严重的
sew	səʊ	缝, 缝制；缝补；缝纫
sex	seks	性，性别
shabby	ˈʃæbɪ	破旧,破烂,衣衫褴褛的
shade	ʃeɪd	阴凉处，树荫处
shadow	ˈʃædəʊ	影子, 阴影
shake	ʃeɪk	（使）动摇，震动
shall	ʃæl, ʃ(ə)l	aux. （表示将来）将要，会；……好吗
shallow	ˈʃæləʊ	浅的,不深的,肤浅的
shame	ʃeɪm	遗憾的事；羞愧
shanghai	ʃæŋˈhaɪ	上海
shape	ʃeɪp	形状，外形 v. 使成型，制造，塑造
share	ʃeə(r)	分享，共同使用
shark	ʃɑːk	鲨鱼
sharp	ʃɑːp	锋利的，尖的
sharpen	ˈʃɑːpən	（使）变锐利，削尖
sharpener	ˈʃɑːpənə(r)	削尖用的器具
shave	ʃeɪv	刮（脸，胡子）
shaver	ʃiː	她
sheep	ʃiːp	（绵）羊；羊皮；驯服者
sheet	ʃiːt	成幅的薄片，薄板
shelf	ʃelf	架子；搁板；格层；礁；陆架
shelter	ˈʃeltə(r)	掩蔽；隐蔽处
shine	ʃaɪn	光泽；光彩；阳光；晴天；光(亮)
ship	ʃɪp	船，轮船 vi. 用船装运
shirt	ʃɜːt	男衬衫
shock	ʃɔk	使震惊
shoe	ʃuː	鞋
shoot	ʃuːt	(shot, shot) vt. 射击，射中，发射 n. 嫩枝；苗；芽
shooting	ˈʃuːtɪŋ	射击
shop	ʃɔp	买东西 n. 商店,车间
shopkeeper	ˈʃɔpkiːpə(r)	店主，零售商人
shopping	ˈʃɔpɪŋ	买东西
shore	ʃɔː(r)	滨，岸
short	ʃɔːt	短的；矮的
shortcoming	ˈʃɔːtkʌmɪŋ	缺点，短处
shortly	ˈʃɔːtlɪ	不久
shorts	ʃɔːts	短裤；运动短裤
shot	ʃɔt	射击，开枪，开炮，射击声；子弹
should	ʃɔt	mod. 应当，应该，会 v. aux.会,应该（shall的过去时态）
shoulder	ˈʃəʊldə(r)	肩膀,(道路的)路肩
shout	ˈʃəʊldə(r)	& v. 喊，高声呼喊
show	ʃəʊ	展示,展览（会）;演出
shower	ˈʃaʊə(r)	阵雨；淋浴
shrink	ʃrɪŋk	缩小，收缩，减少
shut	ʃʌt	&n. 关上，封闭；禁闭；
shuttle	ˈʃʌt(ə)l	v&n. 合拢 （往返与两个定点之间的）（火车汽车飞机）班车
shy	ʃaɪ	v&a. 害羞的
sick	sɪk	有病,患病的,（想）呕吐
sickness	ˈsɪknɪs	疾病
side	ˈsɪknɪs	边，旁边，面，侧面
sideroad		sideroad (AmE sidewalk) n.人行道
sideway	ˈsaɪdweɪz	岔路，旁路
sideways	ˈsaɪdweɪz	斜向一边的
sigh	saɪ	叹息；叹气
sight	saɪ	情景，风景；视力
sightseeing	ˈsaɪtsiːɪŋ	游览，观光
sign	saɪn	符号，标记
signal	ˈsɪɡn(ə)l	信号，暗号
signature	ˈsɪɡnətʃə(r)	签名
significance	ˈsɪɡnətʃə(r)	重要性，意义
silence	ˈsaɪləns	安静，沉默
silent	ˈsaɪlənt	无声的，无对话的
silk	sɪlk	（蚕）丝，丝织品
silly	ˈsɪlɪ	傻的，愚蠢的
silver	ˈsɪlvə(r)	银
similar	ˈsɪmɪlə(r)	相似的，像
simple	ˈsɪmp(ə)l	简单的，简易的
simple-minded	ˈsɪmp(ə)l maɪndɪ	纯朴,头脑简单
simplify	ˈsɪmplɪfaɪ	使简化，使简易
simply	ˈsɪmplɪ	简单地,(加强语气)的确
since	sɪns	从那时以来 conj. 从…以来，…以后，由于 prep. 从…以来
sincerely	sɪn'sɪəlɪ	真诚地
sing	sɪŋ	唱，唱歌
singer	sɪŋ	歌唱家，歌手
single	ˈsɪŋɡ(ə)l	单一的，单个的
sink	sɪŋk	洗涤槽；污水槽
sir	sɜː(r)	先生；阁下
sister	ˈsɪstə(r)	姐；妹
sister-in-law	ˈsɪstə(r) -ɪn-lɔː	嫂，弟媳
sit	sɪt	
situation	sɪtjʊˈeɪʃ(ə)n	形势，情况
six	sɪks	六
sixteen	ˈsɪkstɪ	十六
sixteenth	sɪksˈtiːnθ	第十六
sixth	sɪksθ	第六
sixty	ˈsɪkstɪ	六十
size	sɪksˈtiːnθ	尺寸，大小
skate	sɪksˈtiːnθ	溜冰，滑冰
skateboard	ˈskeɪtbɔːd	冰鞋，滑板
ski	skiː	& vi. 滑雪板；滑雪
skill	skiː	技能，技巧
skilled	skiː	熟练的；有技能的
skillful	ˈskɪlf(ə)l	熟练,精湛的,灵巧的
skillfully	'skilfuli	精湛地,巧妙地
skin	skɪn	皮，皮肤；兽皮
skip	skɪp	蹦蹦跳跳；跳绳
skipping	skɪpɪŋ	rope （跳绳用）绳
skirt	skɜːt	女裙
sky	skaɪ	天；天空
skyscraper	ˈskaɪskreɪpə(r)	摩天楼
slave	sleɪv	奴隶
slavery	ˈsleɪvərɪ	奴隶制度
sleep	sliːp	睡觉
sleepy	sliːp	想睡的,困倦的,瞌睡的
sleeve	sliːv	袖子，袖套
slice	sliːv	片，切面（薄）片
slide	slaɪd	幻灯片,滑道 v.滑行,滑动
slight	slaɪt	轻微的，细小的
slim	slɪm	苗条的，纤细的
slip	slɪp	片，条，纸片，纸条
slow	slɪp	慢慢地，缓慢地
small	smɔːl	小的，少的
smart	smɑːt	灵巧的，伶俐的；（人、服装等）时髦的，帅的
smell	smel	嗅，闻到；发气味 n. 气味
smelly	ˈsmelɪ	有臭味的,发出臭味的
smile	smaɪl	& v. 微笑
smog	smaɪl	烟雾(= smoke + fog)
smoke	smaɪl	烟 v. 冒烟；吸烟
smoke-free	sməʊk-friː	非吸烟的,无烟的
smoker	ˈsməʊkə(r)	吸烟者
smoking	ˈsməʊkɪŋ	吸烟,抽烟;冒烟
smooth	ˈsməʊkɪŋ	光滑的;平坦的
snack	snæk	小吃
snake	sneɪk	蛇v.蛇般爬行;蜿蜒行进
snatch	sneɪk	夺，夺得，夺走
sneaker	sneɪk	（复）轻便运动鞋（美）
sneeze	sneɪk	打喷嚏
sniff	snɪf	抽鼻子（哭,患感冒时）
snow	snəʊ	雪 vi.下雪
snowball	ˈsnəʊbɔːl	雪球
snowman	ˈsnəʊmæn	雪人
snowy	ˈsnəʊɪ	雪(白)的；下雪的；多(积)雪的
so	səʊ	如此，这么；非常；同样 conj. 因此，所以
so-so	səʊ-səʊ	一般；不怎么样；凑合
soap	səʊp	肥皂
sob	səʊp	& v. 抽泣，啜泣
soccer	ˈsɔkə(r)	英式足球
social	ˈsəʊʃ(ə)l	社会的；社交的
socialism	ˈsəʊʃəlɪz(ə)m	社会主义
socialist	ˈsəʊʃəlɪst	社会主义的
society	səˈsaɪətɪ	社会
sock	sɔk	短袜
socket	ˈsɔkɪt	（电源）插座
sofa	ˈsɔkɪt	（长）沙发
soft	sɔːft	软的，柔和的
softball	ˈsɔftbɔːl	垒球
software	sɔft; (US) sɔːft	软件
soil	sɔɪl	土壤，土地
solar	ˈsəʊlə(r)	太阳的
soldier	ˈsəʊldʒə(r)	士兵，战士
solid	ˈsɔlɪd	结实的,固体的 n.固体
some	sʌm	一些，若干；有些；某一 pron. 若干，一些
somebody	ˈsʌmbʌdɪ; ˈsʌmbədɪ	某人；有人；有名气的人
someone	ˈsʌmwʌn	某一个人
something	ˈsʌmθɪŋ	某事；某物
sometimes	ˈsʌmtaɪmz	有时
somewhere	ˈsʌmtaɪmz	在某处
son	sʌn	儿子
song	sʌn	歌唱；歌曲
soon	sʌn	不久,很快,一会儿
sorrow	ˈsɔrəʊ	悲伤，悲痛
sorry	ˈsɔrɪ	对不起,抱歉;难过的
sort	sɔːt	v&t. 把…分类，拣选 n. 种类，类别
soul	səʊl	灵魂；心灵；气魄
sound	saʊnd	听起来,发出声音n.声音
soup	suːp	汤
sour	ˈsaʊə(r)	酸的，馊的
south	ˈsaʊə(r)	南(方)的；向南的；从南来的 ad. 在南方；向南方；自南方 n. 南；南方；南风；南部
southeast	‚saʊθ'ɪːst	东南
southern	ˈsʌð(ə)n	南部的，南方的
southwest	sauθ'west	西南
souvenirs	suːvəˈnɪə(r); (US) ˈsuːvənɪər	旅游纪念品,纪念物
sow	səʊ	播种
space	speɪs	空间
spaceship	ˈspeɪsʃɪp	宇宙飞船
spade	speɪd	铲子;纸牌中的黑桃
spaghettiv		spaghettiv n. 意大利式面条
spain	speɪn	西班牙
spanish	ˈspænɪʃ	西班牙人的，西班牙的，西班牙语的 n. 西班牙语
spare	speə(r)	空闲,多余的，剩余的
sparrow	ˈspærəʊ	麻雀，雀型鸟类
speak	ˈspærəʊ	说，讲；谈话；发言
speaker	ˈspiːkə(r)	演讲人，演说家
spear	spɪə(r)	矛，枪，梭镖
special	ˈspeʃ(ə)l	特别的，专门的
specialist	ˈspeʃəlɪst	（医学）专家，专科医生；专家；专业人员
specific	spɪˈsɪfɪk	明确的,具体的,独特的
speech	spiːtʃ	演讲
speed	spiːd	速度 v. （使）加速
spell	spiːd	拼写
spelling	ˈspelɪŋ	拼写，拼读
spend	ˈspelɪŋ	度过；花费（钱、时间等）
spin	spɪn	& n. 纺，（使）快速旋转；旋转，旋转运动
spirit	ˈspɪrɪt	精神
spiritual	ˈspɪrɪtʃʊəl	精神的； 心灵的
spit	spɪt	吐唾沫；吐痰
splendid	ˈsplendɪd	灿烂的，辉煌的；（口语）极好的
split	splɪt	撕开;切开
spoken	ˈspəʊkən	口语的
sponsor	ˈspɔnsə(r)	赞助者，赞助商
spoon	spuːn	匙, 调羹
spoonful	ˈspuːnfʊl	一匙（的量）
sport	spɔːt	体育运动，锻炼；(复，英)运动会
spot	spɔt	斑点，污点；场所，地点 v. 沾上污渍，弄脏
spray	spreɪ	&v. 水雾,喷雾(器)喷洒
spread	spred	延伸； 展开
spring	sprɪŋ	春天,春季 n. 泉水,泉
spy	spaɪ	密探,间谍 v.侦探,刺探
square	skweə(r)	广场 a. 平方的；方形的，宽而结实的（体格，肩膀）
squeeze		squeeze n. 挤压，捏，塞
squid	skwɪd	鱿鱼
squirrel	ˈskwɪr(ə)l; (US) ˈskwɜːrəl	松鼠
stable	ˈsteɪb(ə)l	稳固的，牢固的
stadium	ˈsteɪdɪəm	（露天）体育场
staff	stɑːf	全体职工（雇员）
stage	steɪdʒ	舞台；阶段
stain	steɪn	污点，污渍，染色剂
stainless	ˈsteɪnlɪs	无污点的
stair	steə(r)	楼梯
stamp	stæmp	邮票
stand	stænd	站；立；停止；立场；地位；台；坛；摊
standard	ˈstændəd	& a. 标准（的）
star	stɑː(r)	星，恒星 stare /steə(r)/ vi. 盯，凝视
start	stɑːt	开始，着手；出发
starvation	stɑːˈveɪʃ(ə)n	饥饿； 饿死
starve	stɑːv	饿死
state	steɪt	状态； 情形；国家，（美国的）州
statement	ˈsteɪtmənt	声明，陈诉，说法
statesman	woman (pl. statesmen	women) /ˈsteɪtsmən/ n. 政治家
station	ˈsteɪʃ(ə)n	站，所，车站；电台
statistics	stəˈtɪstɪks	统计数字，统计资料，统计学
statue	ˈstætjuː	法令，法规，章程
status	ˈsteɪtəs	法律地位（身份）
stay	steɪ	& vi. 停留，逗留，呆
steady	ˈstedɪ	稳固的；平稳的
steak	steɪk	牛排，肉排，鱼排
steal	stiːl	偷, 窃取
steam	stiːm	汽，水蒸气
steel	stiːl	钢，钢铁
steep	stiːp	险峻的； 陡峭的
step	step	脚步,台阶,梯级 vi.走,跨步
step-mother	step-ˈmʌðə(r)	继母
steward	ˈstjuːəd; (US) ˈstuːərd	(火车、飞机、轮船等)男服务员；男乘务员
stewardess	stjuːəˈdes, ˈstjuːədɪs	女乘务员,空中小姐
stick	stɪk	粘住，钉住；坚持n. 木棒（棍）,枝条
still	stɪl	不动的,平静的ad.仍然,还
stocking	ˈstɔkɪŋ	长统袜
stomach	ˈstʌmək	胃，胃部
stomachache	ˈstʌməkeɪk	胃疼
stone	stəʊn	石头，石料
stop	stɔp	停；（停车）站 v. 停，停止，阻止
stopwatch	ˈstɔpwɔtʃ	记秒表；跑表
storage	ˈstɔːrɪdʒ	贮藏； 储存
store	stɔː(r)	商店 vt. 储藏，存储
storm	stɔːm	风暴，暴（风）雨
story	ˈstɔːrɪ	故事，小说
stout	staʊt	肥壮的，厚实牢固的
stove	stəʊv	（供烹饪用的 ）火炉，煤炉，电炉
straight	streɪt	一直的，直的 ad. 一直地，直地
straightforward	streɪtˈfɔːwəd	a&ad. 简单的，坦率的
strait	streɪt	海峡
strange	streɪndʒ	奇怪,奇特的,陌生的
stranger	ˈstreɪndʒə(r)	陌生人，外人
straw	strɔː	稻草
strawberry	ˈstrɔːbərɪ; (US) -berɪ	草莓
stream	striːm	小河；溪流
street	striːt	街，街道
strength	streŋθ	力量，力气
strengthen	ˈstreŋθ(ə)n	加强，增强
stress	stres	精神压力，心理负担 v. 强调，重读
strict	strɪkt	严格的，严密的
strike	straɪk	（钟）鸣;敲（响）,罢工
string	strɪŋ	细绳，线，带
strong	strɔŋ; (US) strɔːɡ	强(壮)的；坚固的；强烈的；坚强的
struggle	ˈstrʌɡ(ə)l	斗争
stubborn	ˈstʌbən	固执的，倔强的
student	ˈstjuːdənt	学生
studio	ˈstjuːdɪəʊ	工作室，演播室
study	ˈstʌdɪ	学习；研究 n. 书房
stupid	ˈstjuːpɪd	愚蠢的，笨的
style	staɪl	方式，作风，款式
subject	ˈsʌbdʒɪkt	隶属的；受支配的；易受…的；在…条件下 vt. 使隶属；使服从；使受到 n. 题目；主题；学科；主语；主体
subjective	səbˈdʒektɪv	主观的
submit	səbˈmɪt	提交，呈递（文件，建议等
subscribe	səbˈskraɪb	订阅,订购（报刊等）
substitute	ˈsʌbstɪtjuːt	代替，取代
subtraction	səbˈtrɔkʃ(ə)n	（算数中的）减
succeed	səkˈsiːd	成功
success	səkˈses	成功
successful	səkˈsesfʊl	成功的,有成就的
such	sʌtʃ	那么 pron. （泛指）人，事物 a.这样的，那样的
suck	sʌk	吸吮
sudden	ˈsʌd(ə)n	突然的
suffer	ˈsʌfə(r)	受苦，遭受
suffering	ˈsʌfərɪŋ	痛苦，苦难
sugar	ˈʃʊɡə(r)	糖
suggest	səˈdʒest; (US) səɡˈdʒest	建议，提议
suggestion	səˈdʒestʃ(ə)n	建议
suit	suːt, sjuːt	适合 n.一套（衣服）
suitable	ˈsjuːtəb(ə)l	合适的，适宜的
suitcase	ˈsjuːtkeɪs	(旅行用)小提箱,衣箱
suite	swiːt	套间；组曲
summary	ˈsʌmərɪ	摘要，概要
summer	ˈsʌmə(r)	夏天，夏季
sun	sʌn	太阳，阳光
sunburnt	ˈsʌnbɜːnt	晒黑的
sunday	ˈsʌndeɪ	星期日
sunglasses	ˈsʌnɡlɑːsɪs	太阳眼镜，墨镜
sunlight	ˈsʌnlaɪt	日光，阳光
sunny	ˈsʌnɪ	晴朗的;阳光充足的
sunrise	ˈsʌnraɪs	黎明，拂晓
sunset	ˈsʌnset	日落(时分)
sunshine	ˈsʌnʃaɪn	阳光
super	ˈsuːpə(r), ˈsjuːpə(r)	顶好的，超级的
superb	suːˈpɜːb	卓越的,质量极高的
superior	suːˈpɪərɪə(r)	更胜一筹的 n. 上级，上司
superman	ˈsuːpəman	超人
supermarket	ˈsuːpəmɑːkɪt	超级市场
supper	ˈsʌpə(r)	晚餐，晚饭
supply	səˈplaɪ	& n. 供给，供应
support	səˈpɔːt	& n. 支持，赞助
suppose	səˈpəʊz	猜想,假定,料想
supreme	suːˈpriːm	至高无上的,最高的
sure	ʃʊə(r), ʃɔː(r)	确信，肯定 ad. (口语)的确，一定，当然
surface	ˈsɜːfɪs	表面
surgeon	ˈsɜːdʒ(ə)n	外科医生
surplus	ˈsɜːpləs	过剩，剩余
surprise	səˈpraɪz	使惊奇,使诧异 n. 惊奇,诧异
surround	səˈraʊnd	围绕；包围
surrounding	səˈraʊndɪŋ	周围的
survival	səˈvaɪv(ə)l	存活，幸存
survive	səˈvaɪv	生存，存活，幸免于难
suspect	səˈspekt	犯罪嫌疑人
suspension	səˈspenʃ(ə)n	暂令停职,推迟,延期
swallow	ˈswɔləʊ	吞下；咽下
swap	swɔp	交换（东西）
swear	sweə(r)	咒骂.,诅咒
sweat	swet	汗，汗水
sweater	ˈswetə(r)	厚运动衫，毛衣 
sweep	swiːp	扫除，扫
sweet	swiːt	甜食;蜜饯;甜点;糖果;芳香a.甜的;新鲜的;可爱的;亲切的
swell	swel	肿胀
swift	swɪft	快的，迅速的
swim	swɪm	游泳，游
swimming	ˈswɪmɪŋ	游泳
swing	swɪŋ	挥舞，摆动 n. 秋千
swiss	swɪŋ	瑞士人的 n. 瑞士人
switch	swɪtʃ	v&n. 开关,转换,改变
switzerland	ˈswɪtsələnd	* n. 瑞士
sword	sɔːd	剑，刀
symbol	ˈsɪmb(ə)l	象征
sympathy	ˈsɪmpəθɪ	同情
symphony	ˈsɪmfənɪ	交响乐
symptom	ˈsɪmfənɪ	症状
system	ˈsɪstəm	体系；系统
systematic	sɪstəˈmætɪk	系统的,有条理的
t-shirt	tiː- ʃɜːt	T恤衫
table	ˈteɪb(ə)l ˈmænə(r) z	餐桌礼节，用餐的规矩
tablet		tablet n. 药片
tail	teɪl	(动物的)尾巴
tailor	ˈteɪlə(r)	裁缝
take	teɪk	拿；拿走；做；服用；乘坐；花费
tale	teɪl	故事, 传说
talent	ˈtælənt	天才，天赋
talk	tɔːk	& v.谈话,讲话,演讲,交谈
tall	tɔːl	高的
tank	tæŋk	储水容量；坦克
tanker	ˈtæŋkə(r)	油船
tap	tæp	(自来水煤气等的)龙头
tape	teɪp	磁带；录音带
target	ˈtɑːɡɪt	n&v. 目标，把…作为攻击目标
task	tɑːsk; (US) tæsk	任务, 工作
taste	teɪst	品尝, 尝味；味道 vt. 品尝, 尝味
tasteless	ˈteɪstlɪs	无滋味的
tasty	ˈteɪstɪ	味道好的
tax	tæks	税，税款
tax-free	tæks friː	免税的
taxi	ˈtæksɪ	出租汽车
taxipayer	tiː	茶；茶叶
teach	tiː	教书,教
teacher	ˈtiːtʃə(r)	教师，教员
team	tiːm	队，组
teamwork	ˈtiːmwɜːk	合作，协同工作
teapot	ˈtiːpɔt	茶壶
tear	teə(r)	眼泪 v. 扯破, 撕开
tease	tiːz	取笑，戏弄，寻开心
technical	ˈteknɪk(ə)l	技术的，工艺的
technique	ˈteknɪk(ə)l	技术;技巧,方法
technology	tekˈnɔlədʒɪ	技术
teenager	ˈtiːneɪdʒə(r)	（13～19岁的）青少年，十几岁的少年
telegram	ˈtelɪɡræm	电报
telegraph	ˈtelɪɡrɑːf; (US) -ɡræf	(拍) 电报
telephone	ˈtelɪfəʊn- buːð	电话亭
telephone-booth		telephone-booth或telephone-box n. 公用电话间
telescope	ˈtelɪɡrɑːf; (US) -ɡræf	望远镜
television	ˈtelɪɡrɑːf; (US) -ɡræf	电视
tell	tel	告诉,讲述,吩咐
temperature	ˈtemprɪtʃə(r)	温度
temple	ˈtemp(ə)l	庙宇，寺院
temporary	ˈtempərərɪ	短暂的，暂时的
temptation	tempˈteɪʃ(ə)n	引诱；诱惑
ten	ten	十
tend	tend	往往会，常常就，倾向，趋于
tendency	ˈtendənsɪ	倾向，偏好，性情
tennis	ˈtenɪs	网球
tense	tens	心烦意乱的，紧张的
tension	ˈtenʃ(ə)n	紧张局势，矛盾
tent	tent	帐篷
tentative	tent	不确定的，踌躇的
term	tɜːm	学期;术语;条款;项
terminal	tɜːm	(火车汽车飞机)终点站
terrible	ˈterɪb(ə)l	可怕的；糟糕的
terrify	ˈterɪfaɪ	使人感到恐怖
terror	ˈterə(r)	恐惧，惊恐
test	test	& n. 测试, 考查，试验
text	tekst	文本，课文
textbook		textbook n. 课本，教科书
than	ðen, ðæn	比
thank	θæŋk	感谢，致谢，道谢 n. （复）感谢，谢意
thankful	ˈθæŋkfʊl	感谢的，感激的
that	ðæt	& pron.那，那个 conj. 那，那个（引导宾语从句等）ad. 那么，那样
the	ænˈtɑːktɪk	南极
theatre	'θiətə	剧场，戏院
theft	θeft	盗窃案 their /ðeə(r)/ pron. 他(她,它)们的
theirs	ðeəz	他（她,它）们的
them	ð(ə)m, ðem	他/她/它们（宾格）
theme	θiːm	主题
themselves	ðəmˈselvz	他/她/它们自己
then	ðen	当时,那时,然后,那么
theoretical	θɪəˈretɪk(ə)l	理论的
theory	θɪəˈretɪk(ə)l	理论
there	ðeə(r)	那！你瞧（表示引起注意） n. 那里，那儿 ad. 在那里，往那里；（作引导词）表”存在"
therefore	ˈðeəfɔː(r)	因此，所以
thermos	ˈθɜːmɔs	热水瓶
these	ˈθɜːmɔs	& pron. 这些
they	ðeɪ	他（她）们；它们
thick	θɪk	厚的
thief	θiːf	窃贼, 小偷
thin	θɪn	薄的；瘦的；稀的
thing	θɪŋ	东西；(复)物品，用品；事情，事件
think	θɪŋk	想；认为；考虑
thinking	ˈθɪŋkɪŋ	思索;见解;想法
third	θɜːd	第三
thirst	θɜːd	渴； 口渴
thirsty	ˈθɜːstɪ	渴
thirteen	θɜːˈtiːn	十三
thirty	ˈθɜːtɪ	三十
this	ðɪs	& pron.这，这个
thorough	ˈθʌrə; (US) ˈθʌrəʊ	彻底的
those	ðəʊz	& pron.那些
though	ðəʊ	虽然，可是
thought	θɔːt	思考,思想;念头
thousand	ˈθaʊzənd	千
thread	θred	线
three	θriː	三
thrill	θrɪl	n&v. 兴奋，激动
thriller	ˈθrɪlə(r)	惊险小说
throat	θrəʊt	喉咙
through	θruː	穿（通）过;从始至终 ad.穿(通)过;自始至终,全部
throughout	θruːˈaʊt	遍及，贯穿
throw	θrəʊ	投,掷,扔
thunder	ˈθʌndə(r)	& v. 雷声，打雷
thunderstorm	ˈθʌndəstɔːm	雷电交加暴风雨
thursday	ˈθɜːzdeɪ	星期四
thus	ðʌs	这样；因而
tibet	ti'bet	西藏
tibeta	ti'betən	西藏人；西藏语
tick	tɪk	作记号
ticket	ˈtɪkɪt	票；卷
tidy	ˈtɪkɪt	整洁的，干净的 vt. 弄整洁，弄干净
tie	taɪ	（用绳，线）系，拴，扎 n. 领带，绳子，结；关系
tiger	ˈtaɪɡə(r)	老虎
tight	taɪt	紧的
till	tɪl	& prep.直到,直到…为止
time	taɪm	时间;时期;钟点,次,回 vt.测定…的时间,记录…的时间
timetable	ˈtaɪmteɪb(ə)l	（火车、公共汽车等）时间表；（学校）课表
tin	tɪn	（英）罐头，听头
tiny	ˈtaɪnɪ	tinier, tiniest a. 极小的，微小的
tip	tɪp	& v.顶端，尖端；告诫； 提示 (给)小费
tire	ˈtaɪə(r)	使疲劳
tired	ˈtaɪəd	疲劳的，累的
tiresomev		tiresomev a. 令人厌倦的
tissue	ˈtɪʃuː, ˈtɪsjuː	（人，动植物的）组织，纸巾
title	ˈtɪʃuː, ˈtɪsjuː	标题，题目
to	tʊ, tuː	（动词不定式符号，无词义）；（表示接受动作的人或物）给；对，向，到；在…之前
toast	təʊst	v&n. 烤
tobacco	təʊst	烟草，烟叶
today	təʊst	& n.今天;现在,当前
together	təʊst	一起，共同
toilet	ˈtɔɪlɪt	厕所
tokyo	ˈtəʊkjəʊ	东京
tolerate	ˈtɔləreɪt	容许，允许，忍受
tomato	təˈmɑːtəʊ; (US) təˈmeɪtəʊ	西红柿，番茄
tomb	tuːm	坟墓
tomorrow	təˈmɔrəʊ	& n.明天
ton	təˈmɔrəʊ	（重量单位）吨
tongue	tʌŋ	舌，舌头
tonight	təˈnaɪt	& n. 今晚，今夜
too	təˈnaɪt	也,还,又,太,过分,很,非常
tool	tuːl	工具，器具
tooth	tuːθ	牙齿
toothache	ˈtuːθeɪk	牙痛
toothbrush	ˈtuːθbrʌʃ	牙刷
toothpaste	ˈtuːθpeɪst	牙膏
top	tɔp	顶部,（物体的）上面
topic	ˈtɔpɪk	题目，话题
tortoise	ˈtɔpɪk	乌龟
total	ˈtəʊt(ə)l	总数的;总括的;完全的,全然的 n.合计,总计 v.合计为
totally	ˈtɔt(ə)lɪ	总合地，完全地
touch	tʌtʃ	触摸，接触
tough	ˈtɔt(ə)lɪ	坚硬的；结实的；棘手的，难解的
tour	tʊə(r)	参观, 观光, 旅行
tourism	ˈtʊərɪz(ə)m	旅游业；观光
tourist	ˈtʊərɪst	旅行者，观光者
tournament	ˈtʊənəmənt; (US) ˈtɜːrn-	锦标赛，联赛
toward	təˈwɔːd	向，朝，对于
towel	ˈtaʊəl	毛巾
tower	ˈtaʊə(r)	塔
town	taʊn	城镇，城
toy	tɔɪ	玩具, 玩物
track	træk	轨道；田径
tractor	ˈtræktə(r)	拖拉机
trade	treɪd	贸易 vt.用…进行交换
tradition	trəˈdɪʃ(ə)n	传统，风俗
traditional	trəˈdɪʃ(ə)n	传统的，风俗的
traffic	ˈtræfɪk	交通，来往车辆
train	treɪn	火车 v. 培训,训练
trainer	treɪˈnə(r)	训练人；教练
training	ˈtreɪnɪŋ	培训
tram	træm	有轨电车
transform	trænsˈfɔːm	使改变形态,使改观
translate	trænsˈleɪt	翻译
translation	trænsˈleɪʃ(ə)n	翻译；译文
translator	træns'leitə	翻译家，译者
transparent	trænsˈpærənt	透明的，清澈的
transport	trænsˈpɔːt	& vt.运输
trap	træp	陷阱 vt. 使陷入困境
travel	ˈtræv(ə)l	& vi.旅行
traveler	ˈtrævələ(r)	旅行者
treasure	ˈtreʒə(r)	金银财宝, 财富
treat	triːt	对待，看待
treatment	ˈtriːtmənt	治疗,疗法
tree	triː	树
tremble	ˈtremb(ə)l	颤抖
trend	trend	趋势，倾向，动态
trial	ˈtraɪəl	审判；试验；试用
triangle	ˈtraɪæŋɡ(ə)l	&adj.三角形;三角形的
trick	trɪk	诡计，把戏
trip	trɪp	旅行，旅程
trolley-bus	ˈtrɔlɪ-bʌs	无轨电车
troop	truːp	部队
troopv		troopv vi. 成群结队地走
trouble	ˈtrʌb(ə)l	使苦恼,使忧虑,使麻烦 n.问题,疾病,烦恼,麻烦
troublesome	ˈtrʌb(ə)lsəm	令人烦恼, 讨厌
trousers	ˈtraʊzəz	裤子，长裤
truck	trʌk	卡车, 运货车；车皮 v. 装车；用货车运
true	truː	真的，真实的；忠诚的
truly	ˈtruːlɪ	真正地，真实地
trunk	trʌŋk	树干；大箱子
trust	trʌst	相信，信任，信赖
truth	truːθ	真理,事实,真相,实际
try	truːθ	试，试图，努力
tube	tjuːb; (US) tuːb	管，管状物
tuesday	ˈtjuːzdeɪ	星期二
tune	tjuːn; (US) tuːn	曲调，曲子
turkey	ˈtɜːkɪ	火鸡
turn	tɜːn	旋转，翻转，转变，转弯 n. 轮流，（轮流的）顺序
turning	ˈtɜːnɪŋ	. 拐弯处，拐角处
tutor	ˈtjuːtə(r)	家庭教师，私人教师，导师
tv	‚tiː'viː	电视机
twelfth	twelfθ	第十二
twelve	twelv	十二
twentieth		twentieth vnum. 第二十
twenty	ˈtwentɪ	二十
twenty-first	ˈtwentɪ-fɜːst	第二十一
twenty-one	ˈtwentɪ- wʌn	二十一
twice	twaɪs	两次；两倍
twin	twɪst	双胞胎之一
twist	twɪst	v&n. 使弯曲，转动
two	tuː	二
type	ˈtaɪp	打字
typewriter	ˈtaɪpraɪtə(r)	打字机
typhoon	taɪˈfuːn	台风
typical	ˈtɪpɪk(ə)l	典型的，有代表性的，特有的
typist	ˈtaɪpɪst	打字员
tyre	taɪə	轮胎
u	juː ˈkeɪ	英国，联合王国
ugly	ˈʌɡlɪ	丑陋的；难看的
umbrella	ʌmˈbrelə	雨伞
unable	juː ˈən	不能的，不能胜任的
unbearable	ʌnˈbeərəb(ə)l	难耐得,无法接受的
unbelievable	ʌnbɪˈliːvəb(ə)l	难以置信的
uncertain	ˈsɜːt(ə)n	不确定的
uncle	ˈʌŋk(ə)l	叔,伯,舅,姑夫,姨父
uncomfortable	ʌnˈkʌmftəb(ə)l	令人不舒服的
unconditional	ʌnkənˈdɪʃən(ə)l	无条件，绝对的
unconscious	ʌnˈkɔnʃəs	昏迷,不省人事的
under	ˈʌndə(r)	& prep.在…下面，向…下面
underground	ʌndəˈɡraʊnd	地下的 n. 地铁
underline	ʌndəˈlaɪn	在…下划线
understand	ʌndəˈstænd	懂得;明白;理解
understanding	ʌndəˈstændɪŋ	领会;理解
undertake	ʌndəˈteɪk	承担，从事，负责
underwear	ˈʌndəweə(r)	内衣
undivided	ʌndɪˈvaɪdɪd	没分开的；专一的； 专心的
undo	ʌnˈduː	解开，松开
unemployment	ʌnɪmˈplɔɪmənt	失业,失业状态
unfair	ʌnˈfeə(r)	不公平的，不公正的
unfit	ʌnˈfɪt	不合宜的，不相宜的
unfold	ʌnˈfəʊld	展开，打开
unfortunate	ʌnˈfəʊld	不幸的
unfortunately		unfortunately
unhappy	ʌnˈfɔːtjʊnətlɪ	不高兴的,伤心的
unhealthy	ʌnˈhelθɪ	不健康的,不卫生的
uniform	ˈjuːnɪfɔːm	制服
unimportant	ʌnɪmˈpɔːt(e)nt	不重要的,无意义
union	ˈjuːnjən	联合,联盟；工会
unique	jʊˈniːk	惟一的,独一无二的
unit	ˈjuːnɪt	单元，单位
unite	jʊˈnaɪt	联合，团结
universal	juːnɪˈvɜːs(ə)l	普遍的，全体的
universe	ˈjuːnɪvɜːs	宇宙
university	juːnɪˈvɜːsɪtɪ	大学
unknown	juːnɪˈvɜːsɪtɪ	不知道的
unless	ʌnˈles	如果不，除非
unlike	ʌnˈlaɪk	不像，和…不同
unmarried	ʌnˈmærɪd	未婚的，独身的
unpleasant	ʌnˈplez(ə)nt	使人不愉快的
unrest	ʌnˈrest	不安；骚动
unsafe	ʌnˈseɪf	不安全的；危险的
unsuccessful	ʌnsəkˈsesfʊl	不成功,失败的
until	ʌnˈtɪl	& conj.直到…为止
untrue	ʌnˈtruː	不真实的，假的
unusual	ʌnˈjuːʒʊəl	不平常的，异常的
unwilling	ʌnˈwɪlɪŋ	不愿意的，勉强的
up	ʌp	向上；在上方；起来；在…以上 a. 上面的，向上的，上行的 n. 上升；上坡；上行；繁荣 v. 举起；拿起；提高 prep. 向(高处)；向(在)……上(面)游
upon	əˈpɔn	在……上面
upper	ˈʌpə(r)	较高的，较上的
upset	ʌpˈset	心烦的，苦恼的
upstairs	ʌpˈsteəz	在楼上，到楼上
upward	ˈʌpwəd	向上；往上
urban	ˈɜːbən	城市的，都市的
urge	ɜːdʒ	敦促，催促，力劝
urgent	ˈɜːdʒənt	紧急的，紧迫的
use	juːz	& vt.利用,使用,应用
usedv		usedv a. 用过的;旧的;二手的
useful	ˈjuːsfʊl	有用的，有益的
useless	ˈjuːslɪs	无用的
user	ˈjuːzə	使用者；用户
usual	ˈjuːʒʊəl	通常的，平常的
usually	ˈjuːʒʊəlɪ	通常，经常
vacant	ˈveɪkənt	空缺的，未被占用的
vacation	vəˈkeɪʃ(ə)n	假期，休假
vague	veɪɡ	含糊的，紧迫的
vain	veɪn	自负的，自视过高的，徒劳的，无效的
valid	ˈvælɪd	有效的,合理的,有根据的
valley	ˈvælɪ	山谷, 溪谷
valuable	ˈvæljʊəb(ə)l	值钱的，贵重的
value	ˈvæljuː	价值，益处
vanilla	vəˈnɪlə	香草
variety	vəˈraɪətɪ	种种，种类
various	ˈveərɪəs	各种各样的，不同的
vase	vɑːz; (US) veɪs	（花）瓶；瓶饰
vast	vɑːst; (US) væst	巨大的，广阔的
vcd		VCD = versatile compact disk n. 影碟光盘
veal	viːl	（食用）小牛肉
vegetable	ˈvedʒɪtəb(ə)l	蔬菜
vehicle	ˈviːhɪkl	交通工具，车辆
version	ˈvərʒn	变体，变种，改写本
vertical	ˈvɜːtɪk(ə)l	垂直的，纵向的
very	ˈverɪ	很，非常
vest	vest	背心，内衣
via	ˈvaɪə	经过（某地），通过
vice	vaɪs	罪行，不道德行为
victim	ˈvɪktɪm	受害者，牺牲品
victory	ˈvɪktərɪ	胜利
video	ˈvɪdɪəʊ	录像，视频
videophone	'vidiəʊfəʊn	可视电话
view	vjuː	看法,见解;风景,景色
viewer	ˈvjuːə(r)	观看者
village	ˈvɪlɪdʒ	村庄，乡村
villager	'vilidʒə	村民
vinegar	'vilidʒə	醋
violate	ˈvaɪəleɪt	违反（法律、协议等），侵犯
violence	ˈvaɪələns	暴力行为
violent	ˈvaɪələnt	暴力的
violin	vaɪəˈlɪn	小提琴
violinist	vaɪəˈlɪnɪst	提琴家，提琴手
virtue	ˈvɜːtjuː	美德,正直的品行,德行
virus	ˈvaɪərəs	病毒
visa	ˈviːzə	签证，背签
visit	ˈviːzə	& vt. 参观，访问，拜访
visitor	ˈvɪzɪtə(r)	访问者，参观者
visual	ˈvɪʒjʊəl	视力的，视觉的
vital	ˈvaɪt(ə)l	必不可少的，对…极重要的
vivid	ˈvɪvɪd	生动，逼真的，鲜明的
vocabulary	vəˈkæbjʊlərɪ	词汇, 词汇表
voice	vɔɪs	说话声; 语态
volcano	vɔlˈkeɪnəʊ	火山
volleyball	vɔlˈkeɪnəʊ	排球
voluntary	ˈvɔləntərɪ	自愿的，主动的
volunteer	vɔlənˈtɪə(r)	n&v. 义工，自愿者，无偿做
vote	vəʊt	选举，投票
voyage	ˈvɔɪɪdʒ	航行，旅行
wag	ˈvɔɪɪdʒ	摇动；摆动
wage	weɪdʒ	工资，工钱，报酬
waist	weɪst	腰，腰部，腰围
wait	weɪt	等，等候
waiter	ˈweɪtə(r)	（餐厅）男服务员
waiting-room	ˈweɪtɪŋ- rʊm	候诊室,候车室
waitress	tres	女服务员
wake	weɪk	醒来,叫醒
walk	wɔːk	& v. 步行；散步
walkman	ˈwɔːkmən	随身听
wall	wɔːl	墙
wallet	ˈwɔlɪt	(放钱,证件等的)皮夹
walnut	ˈwɔːlnʌt	核桃，胡桃
wander	ˈwɔndə(r)	漫游,游荡,漫步,流浪
want	wɔnt; (US) wɔːnt	想,想要,需要,必要
war	wɔː(r)	战争
ward	wɔːd	保卫,看护,病房,收容所
warehouse	ˈweəhaʊs	仓库，货栈
warm	wɔːm	暖和的,温暖的;热情的
warm-hearted	wɔːm- hɑːt	热心的
warmth	wɔːmθ	暖和，温暖
warning	ˈwɔːnɪŋ	警报
wash	ˈwɔːnɪŋ	洗(涤)冲洗,洗剂,泼溅,洗的衣服 v.洗(涤),冲洗,流过,弄湿
washing	ˈwɔʃɪŋ- məˈʃiːn	洗衣机
washroom	ˈwɔʃrʊm, ˈwɔʃruːm	盥洗室
waste	weɪst	& vt. 浪费 watch /wɔtʃ/ vt. 观看，注视；当心，注意 n. 手表，表
water	ˈwɔːtə(r)	水v. 浇水
watermelon	ˈwɔːtəmelən	西瓜
wave	weɪv	（热、光、声等的）波，波浪 v. 挥手，挥动，波动
wax	wæks	蜡
way	weɪ	路，路线；方式，手段
wayside	weɪ	路边的
we	wiː, wɪ	我们
weak	wiːk	差的，弱的，淡的
weakness	ˈwiːknɪs	软弱
wealth	welθ	财产，财富
wealthy	ˈwelθɪ	富的
wear	weə(r)	穿，戴
weather	weə(r)	天气
weatherman		weatherman n.气象员,预报天气的人
web	web	网，网状物
website	websaɪt	网络
wedding	ˈwedɪŋ	婚礼,结婚
wednesday	ˈwenzdeɪ	星期三
weed	wiːd	杂草，野草
week	wiːk	星期，周
weekday	ˈwiːkdeɪ	平日
weekend	wiːkˈend, ˈwiːkend	周末
weekly	ˈwiːklɪ	每周的
weep	wiːp	哭泣，流泪
weigh	weɪ	称…的重量，重（若干）
weight	weɪt	重，重量
welcome	ˈwelkəm	n. & v.欢迎 a. 受欢迎的
welfare	ˈwelfeə(r)	幸福，福利
well	wel	(better, best) ad. 好,令人满意地,完全地 a.好的,,健康的int. 表示惊讶同意或犹豫等,亦用于接话语;好吧,那么,哎呀 n. 井
well-known	wel- nəʊn	出名,众所周知的
west	west	(在)西；向西,从西来的 ad. 在西方,向西方 n.西部；西方
western	ˈwest(ə)n	西方的，西部的
westerner	'westənə	西方人
westwards	ˈwestwədz	向西
wet	wet	湿的,潮的,多雨的
whale	weɪl; (US) hweɪl	鲸
what	wɔt; (US) hwɑt	什么,怎么样 a. 多么，何等；什么
whatever	wɔtˈevə(r)	& pron.无论什么，不管什么
wheat	wiːt; (US) hwiːt	小麦
wheel	wiːl; (US) hwiːl	轮，机轮
when	wen	当…的时候 ad. 什么时候，何时
whenever	wenˈevə(r)	每当，无论何时
where	weə(r); (US) hweər	在哪里；往哪里
wherever	weərˈevə(r)	无论在哪里
whether	ˈweðə(r); (US) ˈhweðər	是否
which	wɪtʃ; (US) hwɪtʃ	那(哪)一个；那(哪)一些 a.这(哪)个；这(哪)些；无论哪个(些)
whichever	wɪtʃˈevə(r)	无论哪个;无论哪些
while	waɪl; (US) hwaɪl	在…的时候,和…同时 n. 一会儿，一段时间
whisper	ˈwɪspə(r)	低语，私下说
whistle	waɪt; (US) hwaɪt	口哨，口哨声
white	waɪt; (US) hwaɪt	白色的 n. 白色
who	huː	谁 whole /həʊl/ a. 整个的
whom	huːm	(who的宾格)
whose	huːz	谁的
why	waɪ; (US) hwaɪ	ad&int. 为什么, 你难道不知道（表示反驳、不耐烦等）
wide	weə(r); (US) hweər	宽阔的
widespread	ˈwaɪdspred, -ˈspred	分布广的,普遍的
wife	waɪf	妻子
wild	waɪld	未开发的，荒凉的；野生的，野的 wildlife /ˈwaɪldlaɪf/ n. 野生动物
will	wɪl	意志, 遗嘱
willing	ˈwɪlɪŋ	乐意的； 愿意的
willingly	'wiliŋli	乐意地
willingness	'wiliŋnis	意愿； 愿望
win	wɪn	获胜，赢得
wind	wɪnd	风
windbreaker	'wind,breikə	风衣,防风(皮)夹克
window	ˈwɪndəʊ	窗户；计算机的窗
windy	ˈwɪndɪ	有风的，多风的
wine	waɪn	酒
wing	wɪŋ	机翼，翅膀
winner	ˈwɪnə(r)	获胜者
winter	ˈwɪntə(r)	冬天，冬季
wipe	waɪp	擦；擦净；擦干
wire	ˈwaɪə(r)	电线
wisdom	ˈwɪzdəm	智慧
wise	waɪz	聪明,英明的,有见识的
wish	wɪʃ	愿望，祝愿 vt. 希望，想要，祝愿
with	wɪʃ	关于,带有,以,和,用,有
withdraw	wɪðˈdrɔː	撤回，撤离
within	wɪˈðɪn	在……里面
without	wɪˈðaʊt	没有
witness	ˈwɪtnɪs	v&n. 目击者，见证人
wolf	wʊlf	狼
woman	ˈwʊmən	妇女女人
wonder	ˈwʌndə(r)	对…疑惑，感到惊奇,想知道 n. 惊讶,惊叹;奇迹
wonderful	ˈwʌndəfʊl	美妙的，精彩的；了不起的；太好了
woo	wʊl	l n. 羊毛，羊绒
wood	ˈwʌndəfʊl	木头,木材,(复)树木,森林
wooden	ˈwʊd(ə)n	木制的
woollen	'wulin	羊毛的，羊毛制的
word	wɜːd	词，单词；话
work	wɜːk	工作,劳动,事情 vi. 工作;(机器、器官等)运转,活动
workday	'wə:kdei	工作日
worker	ˈwɜːkə(r)	工人；工作者
workforce	'wə:kfɔ:s	劳动力
workmate	'wə:kfɔ:s	同事；工友
workplace	wɜːkpleɪs	工作场所，车间
works	wɜːks	著作，作品
world	wɜːld	世界
world-famous	wɜːld- ˈfeɪməs	世界闻名的
worldwide	ˈwɜːldwaɪd, -ˈwaɪd	遍及全球的，世界范围的
worm	wɜːm	软体虫,蠕虫(尤指蚯蚓)
worn	wɜːm	用坏,用旧的,疲惫的
worried	'wʌrɪd	担心的，烦恼的
worry	ˈwʌrɪ	& v.烦恼,担忧,发怒,困扰
worse	wɜːs	(bad的比较级)更坏的
worst	wɜːst	(bad的最高级)最坏的
worth	wɜːθ	有…的价值,值得…的
worthless	ˈwɜːθlɪs	没有价值,没有用的
worthwhile	wɜːθˈwaɪl	值得做的
worthy	wɜːθˈwaɪl	值得的
would	wəd, wʊd	（will的过去时）将会，打算，想要，过去常常
wound	wuːnd	伤,伤害 n.创伤,伤口
wounded	wuːndɪd	受伤的
wrestle	ˈres(ə)l	摔跤
wrinkle	ˈrɪŋk(ə)l	皱纹
wrist	rɪst	手腕，腕关节
write	raɪt	(wrote, written) v. 写，书写；写作，著述
writing	raɪt	书写，写
wrong	rɔŋ; (US) rɔːŋ	错误,不正常,有毛病的
x-ray	eks-reɪ	X射线；X光
yard	jɑːd	码；院子；场地
yawn	jɔːn	打哈欠
year	jɪə(r), jəː(r)	年
yell	jel	叫喊，吼叫
yellow	ˈjeləʊ	黄色的
yes	jes	是，好，同意
yesterday	ˈjestədeɪ	& ad. 昨天
yet	jet	尚，还，仍然
yoghurt	'jɔgət,'jəʊ-	酸奶
you	juː, jʊ	你；你们
young	jʌŋ	年轻的
your	jʌŋ	你的；你们的
yours	jɔːz, jʊəz	你的；你们的
yourself	jɔːˈself; (US) jʊərˈself	你自己
yourselves	jɔːˈself; (US) jʊərˈself	你们自己
youth	juːθ	青春；青年
yummy	ˈjʌmɪ	很好吃的
zebra	ˈzebrə, ˈziːbrə	斑马
zero	ˈzɪərəʊ	& num.零,零度,零点
zip	zɪp	& n.拉开(或扣上)……的拉链；拉链
zipper	ˈzɪpə(r)	拉链
zone	zuː	区域；范围
zoo	zuː	动物园
zoom	zuːm	快速移动，迅速前往，猛涨
